Workbook

Sheet Summary
A1: WEEK 43 2026 — FOR MANAGEMENT & PRODUCTION SUMMARY
A2: ="Generated "&TEXT(TODAY(),"mmmm d, yyyy")&" | Source: SHIPMENTS & Prod Load tabs" -> Generated October 19, 2026 | Source: SHIPMENTS & Prod Load tabs
A4: SHIPMENT PIPELINE OVERVIEW
A5: Metric | B5: Value
A6: Total Open Shipment Orders | B6: =COUNTA(SHIPMENTS!A7:A483) -> 53
A7: Total CBM (all orders) | B7: =SUM(SHIPMENTS!F7:F483) -> 556.22599
A8: Average CBM per Order | B8: =B7/B6 -> 10.49483
A9: Orders with Confirmed Target Completion Date | B9: =COUNT(SHIPMENTS!G7:G483) -> 34
A10: Orders Pending Target Date ("TBA") | B10: =COUNTIF(SHIPMENTS!G7:G483,"TBA") -> 6
A11: Orders Flagged "Waiting" (booking/materials/order) | B11: {=SUMPRODUCT(--ISNUMBER(SEARCH("waiting",SHIPMENTS!H7:H483)))} -> 1
A12: Orders Mentioning Fumigation Requirement | B12: {=SUMPRODUCT(--ISNUMBER(SEARCH("fumigation",SHIPMENTS!H7:H483)))} -> 16
A13: of which still Pending (not marked DONE) | B13: {=SUMPRODUCT(ISNUMBER(SEARCH("fumigation",SHIPMENTS!H7:H483))*(1-ISNUMBER(SEARCH("done",SHIPMENTS!H7:H483))))} -> 15
A14: Average Order Age (days) | B14: =AVERAGE(SHIPMENTS!AT7:AT483) -> 57.202497
A15: Oldest Order Age (days) | B15: =MAX(SHIPMENTS!AT7:AT483) -> 345.61759
A16: Orders Aged Over 90 Days | B16: =COUNTIF(SHIPMENTS!AT7:AT483,">90") -> 12
A17: Average Completion Rate per SO (all open orders) | B17: =AVERAGE(SHIPMENTS!AU7:AU483) -> 0.36853381
A18: Orders Ready to Ship (100% Complete) | B18: =COUNTIF(SHIPMENTS!AU7:AU483,">=0.999") -> 11
A19: Orders Below 50% Complete (at risk) | B19: =COUNTIF(SHIPMENTS!AU7:AU483,"<0.5") -> 36
A20: SO's ALMOST READY (Near Completion, Not Yet 100%)
A21: Min % Complete (inclusive) | B21: 0.8 | C21: Max % Complete (exclusive, below Ready) | D21: 0.999
A22: SO # | B22: Customer/Destination | C22: Completion % | D22: Target Completion
A23: {=IFERROR(INDEX(SHIPMENTS!$A$7:$A$483,_xlfn.AGGREGATE(15,6,(ROW(SHIPMENTS!$AU$7:$AU$483)-ROW(SHIPMENTS!$AU$7)+1)/((SHIPMENTS!$AU$7:$AU$483>=$B$21)*(SHIPMENTS!$AU$7:$AU$483<$D$21)),ROW()-22)),"")} -> 8641 | B23: {=IFERROR(INDEX(SHIPMENTS!$B$7:$B$483,_xlfn.AGGREGATE(15,6,(ROW(SHIPMENTS!$AU$7:$AU$483)-ROW(SHIPMENTS!$AU$7)+1)/((SHIPMENTS!$AU$7:$AU$483>=$B$21)*(SHIPMENTS!$AU$7:$AU$483<$D$21)),ROW()-22)),"")} -> 41700-CANADA BSAUNAS BACKLOG | C23: {=IFERROR(INDEX(SHIPMENTS!$AU$7:$AU$483,_xlfn.AGGREGATE(15,6,(ROW(SHIPMENTS!$AU$7:$AU$483)-ROW(SHIPMENTS!$AU$7)+1)/((SHIPMENTS!$AU$7:$AU$483>=$B$21)*(SHIPMENTS!$AU$7:$AU$483<$D$21)),ROW()-22)),"")} -> 0.85333333 | D23: {=IFERROR(INDEX(SHIPMENTS!$G$7:$G$483,_xlfn.AGGREGATE(15,6,(ROW(SHIPMENTS!$AU$7:$AU$483)-ROW(SHIPMENTS!$AU$7)+1)/((SHIPMENTS!$AU$7:$AU$483>=$B$21)*(SHIPMENTS!$AU$7:$AU$483<$D$21)),ROW()-22)),"")} -> 46315
A24: {=IFERROR(INDEX(SHIPMENTS!$A$7:$A$483,_xlfn.AGGREGATE(15,6,(ROW(SHIPMENTS!$AU$7:$AU$483)-ROW(SHIPMENTS!$AU$7)+1)/((SHIPMENTS!$AU$7:$AU$483>=$B$21)*(SHIPMENTS!$AU$7:$AU$483<$D$21)),ROW()-22)),"")} -> 4781 | B24: {=IFERROR(INDEX(SHIPMENTS!$B$7:$B$483,_xlfn.AGGREGATE(15,6,(ROW(SHIPMENTS!$AU$7:$AU$483)-ROW(SHIPMENTS!$AU$7)+1)/((SHIPMENTS!$AU$7:$AU$483>=$B$21)*(SHIPMENTS!$AU$7:$AU$483<$D$21)),ROW()-22)),"")} -> 41700-CANADA BSAUNAS BACKLOG | C24: {=IFERROR(INDEX(SHIPMENTS!$AU$7:$AU$483,_xlfn.AGGREGATE(15,6,(ROW(SHIPMENTS!$AU$7:$AU$483)-ROW(SHIPMENTS!$AU$7)+1)/((SHIPMENTS!$AU$7:$AU$483>=$B$21)*(SHIPMENTS!$AU$7:$AU$483<$D$21)),ROW()-22)),"")} -> 0.95 | D24: {=IFERROR(INDEX(SHIPMENTS!$G$7:$G$483,_xlfn.AGGREGATE(15,6,(ROW(SHIPMENTS!$AU$7:$AU$483)-ROW(SHIPMENTS!$AU$7)+1)/((SHIPMENTS!$AU$7:$AU$483>=$B$21)*(SHIPMENTS!$AU$7:$AU$483<$D$21)),ROW()-22)),"")} -> 0
A25: {=IFERROR(INDEX(SHIPMENTS!$A$7:$A$483,_xlfn.AGGREGATE(15,6,(ROW(SHIPMENTS!$AU$7:$AU$483)-ROW(SHIPMENTS!$AU$7)+1)/((SHIPMENTS!$AU$7:$AU$483>=$B$21)*(SHIPMENTS!$AU$7:$AU$483<$D$21)),ROW()-22)),"")} | B25: {=IFERROR(INDEX(SHIPMENTS!$B$7:$B$483,_xlfn.AGGREGATE(15,6,(ROW(SHIPMENTS!$AU$7:$AU$483)-ROW(SHIPMENTS!$AU$7)+1)/((SHIPMENTS!$AU$7:$AU$483>=$B$21)*(SHIPMENTS!$AU$7:$AU$483<$D$21)),ROW()-22)),"")} | C25: {=IFERROR(INDEX(SHIPMENTS!$AU$7:$AU$483,_xlfn.AGGREGATE(15,6,(ROW(SHIPMENTS!$AU$7:$AU$483)-ROW(SHIPMENTS!$AU$7)+1)/((SHIPMENTS!$AU$7:$AU$483>=$B$21)*(SHIPMENTS!$AU$7:$AU$483<$D$21)),ROW()-22)),"")} | D25: {=IFERROR(INDEX(SHIPMENTS!$G$7:$G$483,_xlfn.AGGREGATE(15,6,(ROW(SHIPMENTS!$AU$7:$AU$483)-ROW(SHIPMENTS!$AU$7)+1)/((SHIPMENTS!$AU$7:$AU$483>=$B$21)*(SHIPMENTS!$AU$7:$AU$483<$D$21)),ROW()-22)),"")}
A26: {=IFERROR(INDEX(SHIPMENTS!$A$7:$A$483,_xlfn.AGGREGATE(15,6,(ROW(SHIPMENTS!$AU$7:$AU$483)-ROW(SHIPMENTS!$AU$7)+1)/((SHIPMENTS!$AU$7:$AU$483>=$B$21)*(SHIPMENTS!$AU$7:$AU$483<$D$21)),ROW()-22)),"")} | B26: {=IFERROR(INDEX(SHIPMENTS!$B$7:$B$483,_xlfn.AGGREGATE(15,6,(ROW(SHIPMENTS!$AU$7:$AU$483)-ROW(SHIPMENTS!$AU$7)+1)/((SHIPMENTS!$AU$7:$AU$483>=$B$21)*(SHIPMENTS!$AU$7:$AU$483<$D$21)),ROW()-22)),"")} | C26: {=IFERROR(INDEX(SHIPMENTS!$AU$7:$AU$483,_xlfn.AGGREGATE(15,6,(ROW(SHIPMENTS!$AU$7:$AU$483)-ROW(SHIPMENTS!$AU$7)+1)/((SHIPMENTS!$AU$7:$AU$483>=$B$21)*(SHIPMENTS!$AU$7:$AU$483<$D$21)),ROW()-22)),"")} | D26: {=IFERROR(INDEX(SHIPMENTS!$G$7:$G$483,_xlfn.AGGREGATE(15,6,(ROW(SHIPMENTS!$AU$7:$AU$483)-ROW(SHIPMENTS!$AU$7)+1)/((SHIPMENTS!$AU$7:$AU$483>=$B$21)*(SHIPMENTS!$AU$7:$AU$483<$D$21)),ROW()-22)),"")}
A27: {=IFERROR(INDEX(SHIPMENTS!$A$7:$A$483,_xlfn.AGGREGATE(15,6,(ROW(SHIPMENTS!$AU$7:$AU$483)-ROW(SHIPMENTS!$AU$7)+1)/((SHIPMENTS!$AU$7:$AU$483>=$B$21)*(SHIPMENTS!$AU$7:$AU$483<$D$21)),ROW()-22)),"")} | B27: {=IFERROR(INDEX(SHIPMENTS!$B$7:$B$483,_xlfn.AGGREGATE(15,6,(ROW(SHIPMENTS!$AU$7:$AU$483)-ROW(SHIPMENTS!$AU$7)+1)/((SHIPMENTS!$AU$7:$AU$483>=$B$21)*(SHIPMENTS!$AU$7:$AU$483<$D$21)),ROW()-22)),"")} | C27: {=IFERROR(INDEX(SHIPMENTS!$AU$7:$AU$483,_xlfn.AGGREGATE(15,6,(ROW(SHIPMENTS!$AU$7:$AU$483)-ROW(SHIPMENTS!$AU$7)+1)/((SHIPMENTS!$AU$7:$AU$483>=$B$21)*(SHIPMENTS!$AU$7:$AU$483<$D$21)),ROW()-22)),"")} | D27: {=IFERROR(INDEX(SHIPMENTS!$G$7:$G$483,_xlfn.AGGREGATE(15,6,(ROW(SHIPMENTS!$AU$7:$AU$483)-ROW(SHIPMENTS!$AU$7)+1)/((SHIPMENTS!$AU$7:$AU$483>=$B$21)*(SHIPMENTS!$AU$7:$AU$483<$D$21)),ROW()-22)),"")}
A28: {=IFERROR(INDEX(SHIPMENTS!$A$7:$A$483,_xlfn.AGGREGATE(15,6,(ROW(SHIPMENTS!$AU$7:$AU$483)-ROW(SHIPMENTS!$AU$7)+1)/((SHIPMENTS!$AU$7:$AU$483>=$B$21)*(SHIPMENTS!$AU$7:$AU$483<$D$21)),ROW()-22)),"")} | B28: {=IFERROR(INDEX(SHIPMENTS!$B$7:$B$483,_xlfn.AGGREGATE(15,6,(ROW(SHIPMENTS!$AU$7:$AU$483)-ROW(SHIPMENTS!$AU$7)+1)/((SHIPMENTS!$AU$7:$AU$483>=$B$21)*(SHIPMENTS!$AU$7:$AU$483<$D$21)),ROW()-22)),"")} | C28: {=IFERROR(INDEX(SHIPMENTS!$AU$7:$AU$483,_xlfn.AGGREGATE(15,6,(ROW(SHIPMENTS!$AU$7:$AU$483)-ROW(SHIPMENTS!$AU$7)+1)/((SHIPMENTS!$AU$7:$AU$483>=$B$21)*(SHIPMENTS!$AU$7:$AU$483<$D$21)),ROW()-22)),"")} | D28: {=IFERROR(INDEX(SHIPMENTS!$G$7:$G$483,_xlfn.AGGREGATE(15,6,(ROW(SHIPMENTS!$AU$7:$AU$483)-ROW(SHIPMENTS!$AU$7)+1)/((SHIPMENTS!$AU$7:$AU$483>=$B$21)*(SHIPMENTS!$AU$7:$AU$483<$D$21)),ROW()-22)),"")}
A29: {=IFERROR(INDEX(SHIPMENTS!$A$7:$A$483,_xlfn.AGGREGATE(15,6,(ROW(SHIPMENTS!$AU$7:$AU$483)-ROW(SHIPMENTS!$AU$7)+1)/((SHIPMENTS!$AU$7:$AU$483>=$B$21)*(SHIPMENTS!$AU$7:$AU$483<$D$21)),ROW()-22)),"")} | B29: {=IFERROR(INDEX(SHIPMENTS!$B$7:$B$483,_xlfn.AGGREGATE(15,6,(ROW(SHIPMENTS!$AU$7:$AU$483)-ROW(SHIPMENTS!$AU$7)+1)/((SHIPMENTS!$AU$7:$AU$483>=$B$21)*(SHIPMENTS!$AU$7:$AU$483<$D$21)),ROW()-22)),"")} | C29: {=IFERROR(INDEX(SHIPMENTS!$AU$7:$AU$483,_xlfn.AGGREGATE(15,6,(ROW(SHIPMENTS!$AU$7:$AU$483)-ROW(SHIPMENTS!$AU$7)+1)/((SHIPMENTS!$AU$7:$AU$483>=$B$21)*(SHIPMENTS!$AU$7:$AU$483<$D$21)),ROW()-22)),"")} | D29: {=IFERROR(INDEX(SHIPMENTS!$G$7:$G$483,_xlfn.AGGREGATE(15,6,(ROW(SHIPMENTS!$AU$7:$AU$483)-ROW(SHIPMENTS!$AU$7)+1)/((SHIPMENTS!$AU$7:$AU$483>=$B$21)*(SHIPMENTS!$AU$7:$AU$483<$D$21)),ROW()-22)),"")}
A30: {=IFERROR(INDEX(SHIPMENTS!$A$7:$A$483,_xlfn.AGGREGATE(15,6,(ROW(SHIPMENTS!$AU$7:$AU$483)-ROW(SHIPMENTS!$AU$7)+1)/((SHIPMENTS!$AU$7:$AU$483>=$B$21)*(SHIPMENTS!$AU$7:$AU$483<$D$21)),ROW()-22)),"")} | B30: {=IFERROR(INDEX(SHIPMENTS!$B$7:$B$483,_xlfn.AGGREGATE(15,6,(ROW(SHIPMENTS!$AU$7:$AU$483)-ROW(SHIPMENTS!$AU$7)+1)/((SHIPMENTS!$AU$7:$AU$483>=$B$21)*(SHIPMENTS!$AU$7:$AU$483<$D$21)),ROW()-22)),"")} | C30: {=IFERROR(INDEX(SHIPMENTS!$AU$7:$AU$483,_xlfn.AGGREGATE(15,6,(ROW(SHIPMENTS!$AU$7:$AU$483)-ROW(SHIPMENTS!$AU$7)+1)/((SHIPMENTS!$AU$7:$AU$483>=$B$21)*(SHIPMENTS!$AU$7:$AU$483<$D$21)),ROW()-22)),"")} | D30: {=IFERROR(INDEX(SHIPMENTS!$G$7:$G$483,_xlfn.AGGREGATE(15,6,(ROW(SHIPMENTS!$AU$7:$AU$483)-ROW(SHIPMENTS!$AU$7)+1)/((SHIPMENTS!$AU$7:$AU$483>=$B$21)*(SHIPMENTS!$AU$7:$AU$483<$D$21)),ROW()-22)),"")}
A31: {=IFERROR(INDEX(SHIPMENTS!$A$7:$A$483,_xlfn.AGGREGATE(15,6,(ROW(SHIPMENTS!$AU$7:$AU$483)-ROW(SHIPMENTS!#REF!)+1)/((SHIPMENTS!$AU$7:$AU$483>=$B$21)*(SHIPMENTS!$AU$7:$AU$483<$D$21)),ROW()-22)),"")} | B31: {=IFERROR(INDEX(SHIPMENTS!$B$7:$B$483,_xlfn.AGGREGATE(15,6,(ROW(SHIPMENTS!$AU$7:$AU$483)-ROW(SHIPMENTS!#REF!)+1)/((SHIPMENTS!$AU$7:$AU$483>=$B$21)*(SHIPMENTS!$AU$7:$AU$483<$D$21)),ROW()-22)),"")} | C31: {=IFERROR(INDEX(SHIPMENTS!$AU$7:$AU$483,_xlfn.AGGREGATE(15,6,(ROW(SHIPMENTS!$AU$7:$AU$483)-ROW(SHIPMENTS!#REF!)+1)/((SHIPMENTS!$AU$7:$AU$483>=$B$21)*(SHIPMENTS!$AU$7:$AU$483<$D$21)),ROW()-22)),"")} | D31: {=IFERROR(INDEX(SHIPMENTS!$G$7:$G$483,_xlfn.AGGREGATE(15,6,(ROW(SHIPMENTS!$AU$7:$AU$483)-ROW(SHIPMENTS!#REF!)+1)/((SHIPMENTS!$AU$7:$AU$483>=$B$21)*(SHIPMENTS!$AU$7:$AU$483<$D$21)),ROW()-22)),"")}
A32: {=IFERROR(INDEX(SHIPMENTS!$A$7:$A$483,_xlfn.AGGREGATE(15,6,(ROW(SHIPMENTS!$AU$7:$AU$483)-ROW(SHIPMENTS!#REF!)+1)/((SHIPMENTS!$AU$7:$AU$483>=$B$21)*(SHIPMENTS!$AU$7:$AU$483<$D$21)),ROW()-22)),"")} | B32: {=IFERROR(INDEX(SHIPMENTS!$B$7:$B$483,_xlfn.AGGREGATE(15,6,(ROW(SHIPMENTS!$AU$7:$AU$483)-ROW(SHIPMENTS!#REF!)+1)/((SHIPMENTS!$AU$7:$AU$483>=$B$21)*(SHIPMENTS!$AU$7:$AU$483<$D$21)),ROW()-22)),"")} | C32: {=IFERROR(INDEX(SHIPMENTS!$AU$7:$AU$483,_xlfn.AGGREGATE(15,6,(ROW(SHIPMENTS!$AU$7:$AU$483)-ROW(SHIPMENTS!#REF!)+1)/((SHIPMENTS!$AU$7:$AU$483>=$B$21)*(SHIPMENTS!$AU$7:$AU$483<$D$21)),ROW()-22)),"")} | D32: {=IFERROR(INDEX(SHIPMENTS!$G$7:$G$483,_xlfn.AGGREGATE(15,6,(ROW(SHIPMENTS!$AU$7:$AU$483)-ROW(SHIPMENTS!#REF!)+1)/((SHIPMENTS!$AU$7:$AU$483>=$B$21)*(SHIPMENTS!$AU$7:$AU$483<$D$21)),ROW()-22)),"")}
A33: {=IFERROR(INDEX(SHIPMENTS!$A$7:$A$483,_xlfn.AGGREGATE(15,6,(ROW(SHIPMENTS!$AU$7:$AU$483)-ROW(SHIPMENTS!#REF!)+1)/((SHIPMENTS!$AU$7:$AU$483>=$B$21)*(SHIPMENTS!$AU$7:$AU$483<$D$21)),ROW()-22)),"")} | B33: {=IFERROR(INDEX(SHIPMENTS!$B$7:$B$483,_xlfn.AGGREGATE(15,6,(ROW(SHIPMENTS!$AU$7:$AU$483)-ROW(SHIPMENTS!#REF!)+1)/((SHIPMENTS!$AU$7:$AU$483>=$B$21)*(SHIPMENTS!$AU$7:$AU$483<$D$21)),ROW()-22)),"")} | C33: {=IFERROR(INDEX(SHIPMENTS!$AU$7:$AU$483,_xlfn.AGGREGATE(15,6,(ROW(SHIPMENTS!$AU$7:$AU$483)-ROW(SHIPMENTS!#REF!)+1)/((SHIPMENTS!$AU$7:$AU$483>=$B$21)*(SHIPMENTS!$AU$7:$AU$483<$D$21)),ROW()-22)),"")} | D33: {=IFERROR(INDEX(SHIPMENTS!$G$7:$G$483,_xlfn.AGGREGATE(15,6,(ROW(SHIPMENTS!$AU$7:$AU$483)-ROW(SHIPMENTS!#REF!)+1)/((SHIPMENTS!$AU$7:$AU$483>=$B$21)*(SHIPMENTS!$AU$7:$AU$483<$D$21)),ROW()-22)),"")}
A36: CBM BY CARGO TYPE
A37: Cargo Type | B37: # Orders | C37: CBM
A38: 1X20 | B38: =COUNTIF(SHIPMENTS!I7:I483,"1X20") -> 5 | C38: =SUMIF(SHIPMENTS!I7:I483,"1X20",SHIPMENTS!F7:F483) -> 86.536094
A39: 1X40HC | B39: =COUNTIF(SHIPMENTS!I7:I483,"1X40HC") -> 5 | C39: =SUMIF(SHIPMENTS!I7:I483,"1X40HC",SHIPMENTS!F7:F483) -> 389.16752
A40: LCL | B40: =COUNTIF(SHIPMENTS!I7:I483,"LCL") -> 6 | C40: =SUMIF(SHIPMENTS!I7:I483,"LCL",SHIPMENTS!F7:F483) -> 5.1886
A41: AIR | B41: =COUNTIF(SHIPMENTS!I7:I483,"AIR") -> 2 | C41: =SUMIF(SHIPMENTS!I7:I483,"AIR",SHIPMENTS!F7:F483) -> 0.13403
A42: Unspecified / TBA | B42: =B6-SUM(B38:B41) -> 35 | C42: =B7-SUM(C38:C41) -> 75.19975
A44: PRODUCTION CAPACITY & LOAD (Prod Load tab, as of Jul 24)
A45: Department | B45: Manpower | C45: Load in Days (Total) | D45: Load in Days (w/o SSE)
A46: ='Prod Load'!B4 -> Stone Processing | B46: ='Prod Load'!B15 -> 4.5 | C46: ='Prod Load'!B16 -> 4 | D46: ='Prod Load'!B18 -> 4
A47: ='Prod Load'!C4 -> Tool & Die | B47: ='Prod Load'!C15 -> 3.5 | C47: ='Prod Load'!C16 -> 11 | D47: ='Prod Load'!C18 -> 10.999177
A48: ='Prod Load'!D4 -> Plastic Injection | B48: ='Prod Load'!D15 -> 2 | C48: ='Prod Load'!D16 -> 0 | D48: ='Prod Load'!D18 -> 0
A49: ='Prod Load'!F4 -> Laser Cutting | B49: ='Prod Load'!F15 -> 14 | C49: ='Prod Load'!F16 -> 2 | D49: ='Prod Load'!F18 -> 0
A50: ='Prod Load'!G4 -> Metal Stamping | B50: ='Prod Load'!G15 -> 29 | C50: ='Prod Load'!G16 -> 10 | D50: ='Prod Load'!G18 -> 9.8321966
A51: ='Prod Load'!H4 -> Pre-assembly | B51: ='Prod Load'!H15 -> 15 | C51: ='Prod Load'!H16 -> 5.5 | D51: ='Prod Load'!H18 -> 5.4394179
A52: ='Prod Load'!I4 -> Control Unit Assembly | B52: ='Prod Load'!I15 -> 4 | C52: ='Prod Load'!I16 -> 10.63 | D52: ='Prod Load'!I18 -> 4.6520634
A53: ='Prod Load'!J4 -> Electrical Assembly | B53: ='Prod Load'!J15 -> 6 | C53: ='Prod Load'!J16 -> 14.6 | D53: ='Prod Load'!J18 -> 14.59094
A54: ='Prod Load'!K4 -> Heaters Assembly | B54: ='Prod Load'!K15 -> 11 | C54: ='Prod Load'!K16 -> 0.1 | D54: ='Prod Load'!K18 -> 0.038561701
A55: ='Prod Load'!L4 -> WWP1- Assembly and Packing | B55: ='Prod Load'!L15 -> 13 | C55: ='Prod Load'!L16 -> 47.031921 | D55: ='Prod Load'!L18 -> 47.031921
A56: ='Prod Load'!M4 -> WWP1-Parts Prep to Sanding | B56: ='Prod Load'!M15 -> 61 | C56: ='Prod Load'!M16 -> 24.507039 | D56: ='Prod Load'!M18 -> 24.507039
A57: ='Prod Load'!N4 -> Wood Working P1 Doors | B57: ='Prod Load'!N15 -> 10 | C57: ='Prod Load'!N16 -> 14.781506 | D57: ='Prod Load'!N18 -> 14.781506
A58: ='Prod Load'!O4 -> Wood Working P2 Machining | B58: ='Prod Load'!O15 -> 30 | C58: ='Prod Load'!O16 -> 36.412302 | D58: ='Prod Load'!O18 -> 36.412302
A59: ='Prod Load'!P4 -> Wood Working P2 Sauna Fabrication | B59: ='Prod Load'!P15 -> 15 | C59: ='Prod Load'!P16 -> 16.998593 | D59: ='Prod Load'!P18 -> 16.998593
A61: Bottleneck Department (highest load) | B61: =INDEX(A46:A59,MATCH(MAX(C46:C59),C46:C59,0)) -> WWP1- Assembly and Packing
A62: Bottleneck Load (Days) | B62: =MAX(C46:C59) -> 47.031921
A63: Total Manpower (all departments) | B63: ='Prod Load'!Q14 -> 308
A65: REMAINING ORDER QUANTITIES IN PROCESS (Prod Load tab)
A66: Product | B66: Quantity
A67: ='Prod Load'!A27 -> Controls | B67: ='Prod Load'!B27 -> 754
A68: ='Prod Load'!A28 -> Heaters | B68: ='Prod Load'!B28 -> 397
A69: ='Prod Load'!A29 -> Wooden Accessories | B69: ='Prod Load'!B29 -> 28019
A70: ='Prod Load'!A30 -> Doors | B70: ='Prod Load'!B30 -> 795
A71: ='Prod Load'!A31 -> Sauna Rooms | B71: ='Prod Load'!B31 -> 43

Sheet Wkly Shipped CBM & LT
A1: Weekly Shipped CBM & Leadtime Report
A2: Source: 'SO Monitoring' tab (STATUS = SHIPPED, ACTUAL LOADING date)
D3: =AVERAGE(D5:D43) -> 78.916019 | E3: =AVERAGE(E5:E43) -> 41.159105
A4: Week # | B4: Week Start | C4: Week End | D4: Shipped CBM | E4: Avg Leadtime (days) | F4: SO#
A5: =_xlfn.ISOWEEKNUM(B5) -> 2 | B5: =DATE(2026,1,5) -> 46027 | C5: =B5+6 -> 46033 | D5: 26.27617 | E5: 31.623188 | F5: 4834, 4865, 4991, 5210, 5221, 5249, 5361, 5370, 5391, 5397, 5478
A6: =_xlfn.ISOWEEKNUM(B6) -> 3 | B6: =$B$5+7*(ROW()-5) -> 46034 | C6: =B6+6 -> 46040 | D6: 137.948 | E6: 44.291892 | F6: 4645, 5001, 4781, 4849, 4969, 5146, 5177, 5247, 5283, 5390, 5398, 5457, 5491, 5449, 5355
A7: =_xlfn.ISOWEEKNUM(B7) -> 4 | B7: =$B$5+7*(ROW()-5) -> 46041 | C7: =B7+6 -> 46047 | D7: 36.07193 | E7: 44.828571 | F7: 4079, 4767, 5165, 5221, 5258, 5259, 5337, 5445, 5475, 5570, 5578, 5585, 5608, 5536, 5504
A8: =_xlfn.ISOWEEKNUM(B8) -> 5 | B8: =$B$5+7*(ROW()-5) -> 46048 | C8: =B8+6 -> 46054 | D8: 49.30314 | E8: 21.87037 | F8: 5098, 5277, 5278, 5280, 5286, 5428, 5430, 5489, 5488, 5495, 5507, 5539, 5543, 5547, 5565, 5576, 5584, 5508, 5619, 5668, 5670, 5678, 5681, 5683, 5725, 5751, 5757
A9: =_xlfn.ISOWEEKNUM(B9) -> 6 | B9: =$B$5+7*(ROW()-5) -> 46055 | C9: =B9+6 -> 46061 | D9: 32.88263 | E9: 23.90625 | F9: 5412, 5424, 5437, 5581, 5602, 5613, 5673, 5721, 5759, 5492, 5770, 5827, 5844, 5849, 5912
A10: =_xlfn.ISOWEEKNUM(B10) -> 7 | B10: =$B$5+7*(ROW()-5) -> 46062 | C10: =B10+6 -> 46068 | D10: 106.37939 | E10: 58.649275 | F10: 4605, 4975, 4972, 5160, 5458, 5456, 5578, 5699, 6029
A11: =_xlfn.ISOWEEKNUM(B11) -> 8 | B11: =$B$5+7*(ROW()-5) -> 46069 | C11: =B11+6 -> 46075 | D11: 16.32906 | E11: 19.408163 | F11: 5589, 5785, 5803, 5804, 5620, 5890, 5921, 5991, 6026, 6051, 6079, 6078, 6048, 6125, 6134, 6149
A12: =_xlfn.ISOWEEKNUM(B12) -> 9 | B12: =$B$5+7*(ROW()-5) -> 46076 | C12: =B12+6 -> 46082 | D12: 128.19569 | E12: 39.792079 | F12: 4852, 5013, 5290, 5412, 5437, 5581, 5588, 5508, 5665, 5673, 5723, 5741, 5758, 5761, 5842, 5845, 5919, 5933, 5998, 6004, 6025, 6087, 6096, 6115, 6142, 6155, 6194, 6193, 6205, 6236, 6242
A13: =_xlfn.ISOWEEKNUM(B13) -> 10 | B13: =$B$5+7*(ROW()-5) -> 46083 | C13: =B13+6 -> 46089 | D13: 104.32249 | E13: 50.277419 | F13: 9205, 4129, 5432, 5805, 5836, 5840, 5406, 5887, 5942, 5975, 6016, 6049, 6185, 6189, 5913, 6278, 6281, 6348, 6352
A14: =_xlfn.ISOWEEKNUM(B14) -> 11 | B14: =$B$5+7*(ROW()-5) -> 46090 | C14: =B14+6 -> 46096 | D14: 114.62271 | E14: 75.980843 | F14: 4235, 4603, CONTAINER 4, 4943, 5198, 5333, 5338, 5394, 5405, 5427, 5601, 5661, 5749, 5839, 6020, 6247, 6265, 6061, 6322, 6345, 6353, 6394
A15: =_xlfn.ISOWEEKNUM(B15) -> 12 | B15: =$B$5+7*(ROW()-5) -> 46097 | C15: =B15+6 -> 46103 | D15: 8.70062 | E15: 32.285714 | F15: 5941, 6407, 6216, 6461, 6506, 6514
A16: =_xlfn.ISOWEEKNUM(B16) -> 13 | B16: =$B$5+7*(ROW()-5) -> 46104 | C16: =B16+6 -> 46110 | D16: 241.48992 | E16: 45.904494 | F16: 9051, 9250, 5437, 5442, 5524, 5534, 5546, 5673, 5677, 5697, 6136, 6188, 6246, 6336, 6180, 6339, 6333, 6289, 6291, 6305, 6344, 5917, 6415, 6418, 6447, 6515, 6528, 6598, 6600
A17: =_xlfn.ISOWEEKNUM(B17) -> 14 | B17: =$B$5+7*(ROW()-5) -> 46111 | C17: =B17+6 -> 46117 | D17: 112.90324 | E17: 47.286307 | F17: CONTAINER 5, CONTAINER 4, 5488, 5509, 5730, 6141, 6168, 6167, 6197, 6212, 6240, 6342, 6358, 6376, 6379, 6380, 6397, 6426, 6686, 6485, 6483, 6481, 6475, 6489, 6498, 6512, 6566, 6586, 6605, 6624, 6628, 6633, 6648
... A38: =_xlfn.ISOWEEKNUM(B38) -> 35 | B38: =$B$5+7*(ROW()-5) -> 46258 | C38: =B38+6 -> 46264 | D38: 38.88353 | E38: 18.809524 | F38: 6346, 8093, 8269, 8285, 8309, 8307, 8319, 8336, 8369, 8419, 8445, 8421, 8447, 8423, 8417, 8459, 8476
A39: =_xlfn.ISOWEEKNUM(B39) -> 36 | B39: =$B$5+7*(ROW()-5) -> 46265 | C39: =B39+6 -> 46271 | D39: =78.0240700000001+0.057 -> 78.08107 | E39: 23.164557 | F39: 6979, 8084, 8428, 8461, 8522, 8525, 8563, 8584, 8527, 8595, 8546, 8643, 8655
A40: =_xlfn.ISOWEEKNUM(B40) -> 37 | B40: =$B$5+7*(ROW()-5) -> 46272 | C40: =B40+6 -> 46278 | D40: =77.38615+2+0.001 -> 79.38715 | E40: 82.191358 | F40: 6646, 7114, 7426, 7491, 8047, 8294, 8517, 8610, 8645, 8694
A41: =_xlfn.ISOWEEKNUM(B41) -> 38 | B41: =$B$5+7*(ROW()-5) -> 46279 | C41: =B41+6 -> 46285 | D41: =82.9638+0.6 -> 83.5638 | E41: 48.261538 | F41: 6863, 7919, 8643, 8667, 8678, 8483, 8727, 8804, 8785, 8857
A42: =_xlfn.ISOWEEKNUM(B42) -> 39 | B42: =$B$5+7*(ROW()-5) -> 46286 | C42: =B42+6 -> 46292 | D42: 114.8096 | E42: 47.22 | F42: 6863, 7919, 8643, 8667, 8678, 8483, 8727, 8804, 8785, 8857
A43: =_xlfn.ISOWEEKNUM(B43) -> 40 | B43: =$B$5+7*(ROW()-5) -> 46293 | C43: =B43+6 -> 46299 | D43: =162.068-0.15 -> 161.918 | E43: 41.62
A44: =_xlfn.ISOWEEKNUM(B44) -> 41 | B44: =$B$5+7*(ROW()-5) -> 46300 | C44: =B44+6 -> 46306 | D44: 98.92 | E44: 33.5
A45: 42 | B45: =$B$5+7*(ROW()-5) -> 46307 | C45: =B45+6 -> 46313 | D45: 80.7229 | E45: 53.947368

Sheet SHIPMENTS
A1: WEEKLY SHIPMENT SCHEDULES | AN1: 40 | AO1: 41 | AP1: 42
A2: WEEK 43 | R2: =SUM(R7:R483) -> 1087 | S2: =SUM(S7:S483) -> 566 | T2: =SUM(T7:T483) -> 28748 | U2: =SUM(U7:U483) -> 764 | V2: =SUM(V7:V483) -> 60 | W2: =SUM(W7:W483) -> 7518 | X2: =SUM(X7:X483) -> 1948 | Y2: =SUM(Y7:Y483) -> 908 | AA2: =SUM(AA7:AA483) -> 40.60097 | AB2: =SUM(AB7:AB483) -> 74.310815 | AC2: =SUM(AC7:AC483) -> 2.02018 | AD2: =SUM(AD7:AD483) -> 11.582955 | AE2: =SUM(AE7:AE483) -> 0 | AF2: =SUM(AF7:AF483) -> 5.08191 | AG2: =SUM(AG7:AG483) -> 0.07616 | AH2: =SUM(AH7:AH483) -> 0
A4: DETAILS | J4: COMPLETION RATE (as of October 16) | R4: PRODUCT QTY | AA4: WOOD REQUIREMENTS | AJ4: SF - PO/LTL COMPLETION RATE | AS4: =AVERAGE(AS7:AS59) -> 37.323529 | AT4: =AVERAGE(AT7:AT59) -> 57.202497 | AU4: OVERALL
A5: SO # | B5: CUST. CODE-DESTINATION | C5: ITEMS | D5: CBM as of 10/9 | E5: ITEMS | F5: TOTAL CBM | G5: ESTIMATED TARGET COMPLETION | H5: REMARKS | I5: CARGO TYPE | J5: Control Unit Assembly | K5: Heaters Assembly | L5: Wood Working P1-Accessories | M5: Wood Working Plant 1-Doors | N5: Wood Working Plant 2 | O5: =SUM(O7:O994) -> 62 | P5: TARGET WEEK | Q5: Sunday & Holiday | R5: Controls | S5: Heaters | T5: Wooden Accessories | U5: Doors | V5: Sauna Rooms | W5: Panels/Timbers | X5: Spare parts | Y5: Sauna Stones | AA5: 4RM03-D1 Cedar 1st Class | AB5: 4RM03-D3 Cedar with Knots | AC5: 4RM01-A1 Aspen 1st Class | AD5: 4RM01-A3 Aspen with Stain | AE5: 4RM02-P1 Pine 1st Class | AF5: 4RM02-P3 Pine with knots | AG5: 4RM16-B Basswood | AH5: 4RM05-S3 Spruce | AJ5: TOOL & DIE | AK5: STONE PROCESSING | AL5: METAL STAMPING | AM5: PRE-ASSY | AN5: ELECTRICAL ASSEMBLY | AO5: MACHINING P2 - DOORS | AP5: MACHINING P2 - SAUNA FAB | AR5: SO Received Date | AS5: SO-TD LT (Days) | AT5: Order Age (Days) | AU5: AVG COMPLETION %
A7: 7728 | B7: 52300-KUWAIT | C7: 15 UNITS SAUNA ROOMS (0908MS-9sr IR Cedar & 1111RS-6sr IR Cedar), CONTROLS, HEATERS, WOODEN ACCESSORIES, DOORS & PANELS | D7: 3.75 | E7: =C7 -> 15 UNITS SAUNA ROOMS (0908MS-9sr IR Cedar & 1111RS-6sr IR Cedar), CONTROLS, HEATERS, WOODEN ACCESSORIES, DOORS & PANELS | F7: 27.2 | H7: note: crate fumigation - 8/14 note: waiting for booking | I7: 1X40 | J7: 1 | K7: 1 | L7: 1 | M7: n/a | N7: 1 | O7: 15 | R7: =IF(VLOOKUP($A7,Items!$A$5:$J$1000,8,0)=0," ",VLOOKUP($A7,Items!$A$5:$J$1000,8,0)) -> 25 | S7: =IF(VLOOKUP($A7,Items!$A$5:$J$1000,3,0)=0," ",VLOOKUP($A7,Items!$A$5:$J$1000,3,0)) -> 13 | T7: =IF(VLOOKUP($A7,Items!$A$5:$J$1000,7,0)=0," ",VLOOKUP($A7,Items!$A$5:$J$1000,7,0)) -> 85 | U7: =IF(VLOOKUP($A7,Items!$A$5:$J$1000,2,0)=0," ",VLOOKUP($A7,Items!$A$5:$J$1000,2,0)) -> 3 | V7: =IF(VLOOKUP($A7,Items!$A$5:$J$1000,9,0)=0," ",VLOOKUP($A7,Items!$A$5:$J$1000,9,0)) -> 15 | W7: =IF(VLOOKUP($A7,Items!$A$5:$J$1000,4,0)=0," ",VLOOKUP($A7,Items!$A$5:$J$1000,4,0)) -> 388 | X7: =IF(VLOOKUP($A7,Items!$A$5:$J$1000,6,0)=0," ",VLOOKUP($A7,Items!$A$5:$J$1000,6,0)) -> 23 | Y7: =IF(VLOOKUP($A7,Items!$A$5:$J$1000,5,0)=0," ",VLOOKUP($A7,Items!$A$5:$J$1000,5,0)) -> 2 | AA7: =IF(VLOOKUP($A7,Wood!$A$5:$W$1000,16,0)=0," ",VLOOKUP($A7,Wood!$A$5:$W$1000,16,0)) -> 2.80916 | AB7: =IF(VLOOKUP($A7,Wood!$A$5:$W$1000,17,0)=0," ",VLOOKUP($A7,Wood!$A$5:$W$1000,17,0)) -> 10.93903 | AC7: =IF(VLOOKUP($A7,Wood!$A$5:$W$1000,18,0)=0," ",VLOOKUP($A7,Wood!$A$5:$W$1000,18,0)) -> 0.008 | AD7: =IF(VLOOKUP($A7,Wood!$A$5:$W$1000,19,0)=0," ",VLOOKUP($A7,Wood!$A$5:$W$1000,19,0)) -> 0.006745 | AE7: =IF(VLOOKUP($A7,Wood!$A$5:$W$1000,20,0)=0," ",VLOOKUP($A7,Wood!$A$5:$W$1000,20,0)) | AF7: =IF(VLOOKUP($A7,Wood!$A$5:$W$1000,21,0)=0," ",VLOOKUP($A7,Wood!$A$5:$W$1000,21,0)) | AG7: =IF(VLOOKUP($A7,Wood!$A$5:$W$1000,22,0)=0," ",VLOOKUP($A7,Wood!$A$5:$W$1000,22,0)) | AH7: =IF(VLOOKUP($A7,Wood!$A$5:$W$1000,23,0)=0," ",VLOOKUP($A7,Wood!$A$5:$W$1000,23,0)) | AN7: 1 | AO7: n/a | AP7: 1 | AR7: 46192 | AT7: =NOW()-AR7 -> 122.61759 | AU7: =IFERROR(AVERAGE(J7:N7,AJ7:AP7),"n/a") -> 1
A8: 7626 | B8: 58300-SAUDI ARABIA | C8: HEATERS, CONTROLS, SPARE PARTS & WOODEN ACCESSORIES | D8: 1.1396 | E8: =C8 -> HEATERS, CONTROLS, SPARE PARTS & WOODEN ACCESSORIES | F8: =SUM(D8:D10) -> 2.5596 | H8: note: all woods need fumigation - 10/9 DONE 10/13 | I8: LCL | J8: 1 | K8: 1 | L8: 1 | M8: n/a | N8: n/a | R8: =IF(VLOOKUP($A8,Items!$A$5:$J$1000,8,0)=0," ",VLOOKUP($A8,Items!$A$5:$J$1000,8,0)) | S8: =IF(VLOOKUP($A8,Items!$A$5:$J$1000,3,0)=0," ",VLOOKUP($A8,Items!$A$5:$J$1000,3,0)) | T8: =IF(VLOOKUP($A8,Items!$A$5:$J$1000,7,0)=0," ",VLOOKUP($A8,Items!$A$5:$J$1000,7,0)) | U8: =IF(VLOOKUP($A8,Items!$A$5:$J$1000,2,0)=0," ",VLOOKUP($A8,Items!$A$5:$J$1000,2,0)) | V8: =IF(VLOOKUP($A8,Items!$A$5:$J$1000,9,0)=0," ",VLOOKUP($A8,Items!$A$5:$J$1000,9,0)) | W8: =IF(VLOOKUP($A8,Items!$A$5:$J$1000,4,0)=0," ",VLOOKUP($A8,Items!$A$5:$J$1000,4,0)) | X8: =IF(VLOOKUP($A8,Items!$A$5:$J$1000,6,0)=0," ",VLOOKUP($A8,Items!$A$5:$J$1000,6,0)) | Y8: =IF(VLOOKUP($A8,Items!$A$5:$J$1000,5,0)=0," ",VLOOKUP($A8,Items!$A$5:$J$1000,5,0)) | AA8: =IF(VLOOKUP($A8,Wood!$A$5:$W$1000,16,0)=0," ",VLOOKUP($A8,Wood!$A$5:$W$1000,16,0)) | AB8: =IF(VLOOKUP($A8,Wood!$A$5:$W$1000,17,0)=0," ",VLOOKUP($A8,Wood!$A$5:$W$1000,17,0)) | AC8: =IF(VLOOKUP($A8,Wood!$A$5:$W$1000,18,0)=0," ",VLOOKUP($A8,Wood!$A$5:$W$1000,18,0)) | AD8: =IF(VLOOKUP($A8,Wood!$A$5:$W$1000,19,0)=0," ",VLOOKUP($A8,Wood!$A$5:$W$1000,19,0)) | AE8: =IF(VLOOKUP($A8,Wood!$A$5:$W$1000,20,0)=0," ",VLOOKUP($A8,Wood!$A$5:$W$1000,20,0)) | AF8: =IF(VLOOKUP($A8,Wood!$A$5:$W$1000,21,0)=0," ",VLOOKUP($A8,Wood!$A$5:$W$1000,21,0)) | AG8: =IF(VLOOKUP($A8,Wood!$A$5:$W$1000,22,0)=0," ",VLOOKUP($A8,Wood!$A$5:$W$1000,22,0)) | AH8: =IF(VLOOKUP($A8,Wood!$A$5:$W$1000,23,0)=0," ",VLOOKUP($A8,Wood!$A$5:$W$1000,23,0)) | AN8: 1 | AO8: n/a | AP8: n/a | AR8: 46297 | AT8: =NOW()-AR8 -> 17.617591 | AU8: =IFERROR(AVERAGE(J8:N8,AJ8:AP8),"n/a") -> 1
A9: 7891 | B9: 58300-SAUDI ARABIA | C9: HEATERS, CONTROLS, SPARE PARTS & WOODEN ACCESSORIES | D9: 1.15 | E9: =C9 -> HEATERS, CONTROLS, SPARE PARTS & WOODEN ACCESSORIES | J9: 1 | K9: 1 | L9: 1 | M9: n/a | N9: n/a | R9: =IF(VLOOKUP($A9,Items!$A$5:$J$1000,8,0)=0," ",VLOOKUP($A9,Items!$A$5:$J$1000,8,0)) | S9: =IF(VLOOKUP($A9,Items!$A$5:$J$1000,3,0)=0," ",VLOOKUP($A9,Items!$A$5:$J$1000,3,0)) | T9: =IF(VLOOKUP($A9,Items!$A$5:$J$1000,7,0)=0," ",VLOOKUP($A9,Items!$A$5:$J$1000,7,0)) | U9: =IF(VLOOKUP($A9,Items!$A$5:$J$1000,2,0)=0," ",VLOOKUP($A9,Items!$A$5:$J$1000,2,0)) | V9: =IF(VLOOKUP($A9,Items!$A$5:$J$1000,9,0)=0," ",VLOOKUP($A9,Items!$A$5:$J$1000,9,0)) | W9: =IF(VLOOKUP($A9,Items!$A$5:$J$1000,4,0)=0," ",VLOOKUP($A9,Items!$A$5:$J$1000,4,0)) | X9: =IF(VLOOKUP($A9,Items!$A$5:$J$1000,6,0)=0," ",VLOOKUP($A9,Items!$A$5:$J$1000,6,0)) | Y9: =IF(VLOOKUP($A9,Items!$A$5:$J$1000,5,0)=0," ",VLOOKUP($A9,Items!$A$5:$J$1000,5,0)) | AA9: =IF(VLOOKUP($A9,Wood!$A$5:$W$1000,16,0)=0," ",VLOOKUP($A9,Wood!$A$5:$W$1000,16,0)) | AB9: =IF(VLOOKUP($A9,Wood!$A$5:$W$1000,17,0)=0," ",VLOOKUP($A9,Wood!$A$5:$W$1000,17,0)) | AC9: =IF(VLOOKUP($A9,Wood!$A$5:$W$1000,18,0)=0," ",VLOOKUP($A9,Wood!$A$5:$W$1000,18,0)) | AD9: =IF(VLOOKUP($A9,Wood!$A$5:$W$1000,19,0)=0," ",VLOOKUP($A9,Wood!$A$5:$W$1000,19,0)) | AE9: =IF(VLOOKUP($A9,Wood!$A$5:$W$1000,20,0)=0," ",VLOOKUP($A9,Wood!$A$5:$W$1000,20,0)) | AF9: =IF(VLOOKUP($A9,Wood!$A$5:$W$1000,21,0)=0," ",VLOOKUP($A9,Wood!$A$5:$W$1000,21,0)) | AG9: =IF(VLOOKUP($A9,Wood!$A$5:$W$1000,22,0)=0," ",VLOOKUP($A9,Wood!$A$5:$W$1000,22,0)) | AH9: =IF(VLOOKUP($A9,Wood!$A$5:$W$1000,23,0)=0," ",VLOOKUP($A9,Wood!$A$5:$W$1000,23,0)) | AN9: 1 | AO9: n/a | AP9: n/a | AR9: 46297 | AT9: =NOW()-AR9 -> 17.617591 | AU9: =IFERROR(AVERAGE(J9:N9,AJ9:AP9),"n/a") -> 1
A10: 7292 | B10: 58300-SAUDI ARABIA | C10: CONTROLS & SPARE PARTS | D10: 0.27 | E10: =C10 -> CONTROLS & SPARE PARTS | J10: 1 | K10: 1 | L10: n/a | M10: n/a | N10: n/a | R10: =IF(VLOOKUP($A10,Items!$A$5:$J$1000,8,0)=0," ",VLOOKUP($A10,Items!$A$5:$J$1000,8,0)) | S10: =IF(VLOOKUP($A10,Items!$A$5:$J$1000,3,0)=0," ",VLOOKUP($A10,Items!$A$5:$J$1000,3,0)) | T10: =IF(VLOOKUP($A10,Items!$A$5:$J$1000,7,0)=0," ",VLOOKUP($A10,Items!$A$5:$J$1000,7,0)) | U10: =IF(VLOOKUP($A10,Items!$A$5:$J$1000,2,0)=0," ",VLOOKUP($A10,Items!$A$5:$J$1000,2,0)) | V10: =IF(VLOOKUP($A10,Items!$A$5:$J$1000,9,0)=0," ",VLOOKUP($A10,Items!$A$5:$J$1000,9,0)) | W10: =IF(VLOOKUP($A10,Items!$A$5:$J$1000,4,0)=0," ",VLOOKUP($A10,Items!$A$5:$J$1000,4,0)) | X10: =IF(VLOOKUP($A10,Items!$A$5:$J$1000,6,0)=0," ",VLOOKUP($A10,Items!$A$5:$J$1000,6,0)) | Y10: =IF(VLOOKUP($A10,Items!$A$5:$J$1000,5,0)=0," ",VLOOKUP($A10,Items!$A$5:$J$1000,5,0)) | AA10: =IF(VLOOKUP($A10,Wood!$A$5:$W$1000,16,0)=0," ",VLOOKUP($A10,Wood!$A$5:$W$1000,16,0)) | AB10: =IF(VLOOKUP($A10,Wood!$A$5:$W$1000,17,0)=0," ",VLOOKUP($A10,Wood!$A$5:$W$1000,17,0)) | AC10: =IF(VLOOKUP($A10,Wood!$A$5:$W$1000,18,0)=0," ",VLOOKUP($A10,Wood!$A$5:$W$1000,18,0)) | AD10: =IF(VLOOKUP($A10,Wood!$A$5:$W$1000,19,0)=0," ",VLOOKUP($A10,Wood!$A$5:$W$1000,19,0)) | AE10: =IF(VLOOKUP($A10,Wood!$A$5:$W$1000,20,0)=0," ",VLOOKUP($A10,Wood!$A$5:$W$1000,20,0)) | AF10: =IF(VLOOKUP($A10,Wood!$A$5:$W$1000,21,0)=0," ",VLOOKUP($A10,Wood!$A$5:$W$1000,21,0)) | AG10: =IF(VLOOKUP($A10,Wood!$A$5:$W$1000,22,0)=0," ",VLOOKUP($A10,Wood!$A$5:$W$1000,22,0)) | AH10: =IF(VLOOKUP($A10,Wood!$A$5:$W$1000,23,0)=0," ",VLOOKUP($A10,Wood!$A$5:$W$1000,23,0)) | AN10: 1 | AO10: n/a | AP10: n/a | AR10: 46157 | AT10: =NOW()-AR10 -> 157.61759 | AU10: =IFERROR(AVERAGE(J10:N10,AJ10:AP10),"n/a") -> 1
A11: 7829 | B11: 99100-AZERBAIJAN | C11: CONTROLS, HEATERS, SPARE PARTS, WOODEN ACCESSORIES, DOORS, SAUNA STONES & PANELS | D11: 42.08 | E11: =C11 -> CONTROLS, HEATERS, SPARE PARTS, WOODEN ACCESSORIES, DOORS, SAUNA STONES & PANELS | F11: =D11 -> 42.08 | H11: note: all woods need fumigation - 10/9 | J11: 1 | K11: 1 | L11: 1 | M11: 1 | N11: 1 | R11: =IF(VLOOKUP($A11,Items!$A$5:$J$1000,8,0)=0," ",VLOOKUP($A11,Items!$A$5:$J$1000,8,0)) -> 297 | S11: =IF(VLOOKUP($A11,Items!$A$5:$J$1000,3,0)=0," ",VLOOKUP($A11,Items!$A$5:$J$1000,3,0)) -> 151 | T11: =IF(VLOOKUP($A11,Items!$A$5:$J$1000,7,0)=0," ",VLOOKUP($A11,Items!$A$5:$J$1000,7,0)) -> 620 | U11: =IF(VLOOKUP($A11,Items!$A$5:$J$1000,2,0)=0," ",VLOOKUP($A11,Items!$A$5:$J$1000,2,0)) -> 40 | V11: =IF(VLOOKUP($A11,Items!$A$5:$J$1000,9,0)=0," ",VLOOKUP($A11,Items!$A$5:$J$1000,9,0)) | W11: =IF(VLOOKUP($A11,Items!$A$5:$J$1000,4,0)=0," ",VLOOKUP($A11,Items!$A$5:$J$1000,4,0)) -> 1860 | X11: =IF(VLOOKUP($A11,Items!$A$5:$J$1000,6,0)=0," ",VLOOKUP($A11,Items!$A$5:$J$1000,6,0)) -> 448 | Y11: =IF(VLOOKUP($A11,Items!$A$5:$J$1000,5,0)=0," ",VLOOKUP($A11,Items!$A$5:$J$1000,5,0)) | AA11: =IF(VLOOKUP($A11,Wood!$A$5:$W$1000,16,0)=0," ",VLOOKUP($A11,Wood!$A$5:$W$1000,16,0)) -> 0.1647 | AB11: =IF(VLOOKUP($A11,Wood!$A$5:$W$1000,17,0)=0," ",VLOOKUP($A11,Wood!$A$5:$W$1000,17,0)) -> 1.9845 | AC11: =IF(VLOOKUP($A11,Wood!$A$5:$W$1000,18,0)=0," ",VLOOKUP($A11,Wood!$A$5:$W$1000,18,0)) -> 0.7335 | AD11: =IF(VLOOKUP($A11,Wood!$A$5:$W$1000,19,0)=0," ",VLOOKUP($A11,Wood!$A$5:$W$1000,19,0)) -> 0.3493 | AE11: =IF(VLOOKUP($A11,Wood!$A$5:$W$1000,20,0)=0," ",VLOOKUP($A11,Wood!$A$5:$W$1000,20,0)) | AF11: =IF(VLOOKUP($A11,Wood!$A$5:$W$1000,21,0)=0," ",VLOOKUP($A11,Wood!$A$5:$W$1000,21,0)) | AG11: =IF(VLOOKUP($A11,Wood!$A$5:$W$1000,22,0)=0," ",VLOOKUP($A11,Wood!$A$5:$W$1000,22,0)) | AH11: =IF(VLOOKUP($A11,Wood!$A$5:$W$1000,23,0)=0," ",VLOOKUP($A11,Wood!$A$5:$W$1000,23,0)) | AN11: 1 | AO11: n/a | AP11: 1 | AR11: 46198 | AT11: =NOW()-AR11 -> 116.61759 | AU11: =IFERROR(AVERAGE(J11:N11,AJ11:AP11),"n/a") -> 1
A12: 8802 | B12: 51500-MAURITIUS | C12: 2 UNITS SAUNA ROOMS (2020MS-Cedar & 1919MS-Cedar) w/ complete set of accessories and heater & R-980 | D12: 2.07 | E12: =C12 -> 2 UNITS SAUNA ROOMS (2020MS-Cedar & 1919MS-Cedar) w/ complete set of accessories and heater & R-980 | F12: =D12 -> 2.07 | H12: note: all woods need fumigation - 10/16 | I12: LCL | J12: 1 | K12: 1 | L12: 1 | M12: n/a | N12: 1 | O12: 2 | R12: =IF(VLOOKUP($A12,Items!$A$5:$J$1000,8,0)=0," ",VLOOKUP($A12,Items!$A$5:$J$1000,8,0)) -> 11 | S12: =IF(VLOOKUP($A12,Items!$A$5:$J$1000,3,0)=0," ",VLOOKUP($A12,Items!$A$5:$J$1000,3,0)) -> 5 | T12: =IF(VLOOKUP($A12,Items!$A$5:$J$1000,7,0)=0," ",VLOOKUP($A12,Items!$A$5:$J$1000,7,0)) -> 24 | U12: =IF(VLOOKUP($A12,Items!$A$5:$J$1000,2,0)=0," ",VLOOKUP($A12,Items!$A$5:$J$1000,2,0)) | V12: =IF(VLOOKUP($A12,Items!$A$5:$J$1000,9,0)=0," ",VLOOKUP($A12,Items!$A$5:$J$1000,9,0)) -> 2 | W12: =IF(VLOOKUP($A12,Items!$A$5:$J$1000,4,0)=0," ",VLOOKUP($A12,Items!$A$5:$J$1000,4,0)) | X12: =IF(VLOOKUP($A12,Items!$A$5:$J$1000,6,0)=0," ",VLOOKUP($A12,Items!$A$5:$J$1000,6,0)) -> 3 | Y12: =IF(VLOOKUP($A12,Items!$A$5:$J$1000,5,0)=0," ",VLOOKUP($A12,Items!$A$5:$J$1000,5,0)) -> 36 | AA12: =IF(VLOOKUP($A12,Wood!$A$5:$W$1000,16,0)=0," ",VLOOKUP($A12,Wood!$A$5:$W$1000,16,0)) -> 0.3452 | AB12: =IF(VLOOKUP($A12,Wood!$A$5:$W$1000,17,0)=0," ",VLOOKUP($A12,Wood!$A$5:$W$1000,17,0)) -> 1.4385 | AC12: =IF(VLOOKUP($A12,Wood!$A$5:$W$1000,18,0)=0," ",VLOOKUP($A12,Wood!$A$5:$W$1000,18,0)) | AD12: =IF(VLOOKUP($A12,Wood!$A$5:$W$1000,19,0)=0," ",VLOOKUP($A12,Wood!$A$5:$W$1000,19,0)) | AE12: =IF(VLOOKUP($A12,Wood!$A$5:$W$1000,20,0)=0," ",VLOOKUP($A12,Wood!$A$5:$W$1000,20,0)) | AF12: =IF(VLOOKUP($A12,Wood!$A$5:$W$1000,21,0)=0," ",VLOOKUP($A12,Wood!$A$5:$W$1000,21,0)) | AG12: =IF(VLOOKUP($A12,Wood!$A$5:$W$1000,22,0)=0," ",VLOOKUP($A12,Wood!$A$5:$W$1000,22,0)) | AH12: =IF(VLOOKUP($A12,Wood!$A$5:$W$1000,23,0)=0," ",VLOOKUP($A12,Wood!$A$5:$W$1000,23,0)) | AN12: 1 | AO12: n/a | AP12: 1 | AR12: 46279 | AT12: =NOW()-AR12 -> 35.617591 | AU12: =IFERROR(AVERAGE(J12:N12,AJ12:AP12),"n/a") -> 1
A13: 8303 | B13: 13500-INDONESIA | C13: 1 UNIT SAUNA ROOM (1411LS-Cedar) w/ complete set of accessories and heater | D13: 0.14 | E13: =C13 -> 1 UNIT SAUNA ROOM (1411LS-Cedar) w/ complete set of accessories and heater | F13: =D13 -> 0.14 | H13: note: crate fumigation - 9/24 customized glass - P10861 9/28 | I13: LCL | J13: 1 | K13: 1 | L13: 1 | M13: n/a | N13: 1 | O13: 1 | R13: =IF(VLOOKUP($A13,Items!$A$5:$J$1000,8,0)=0," ",VLOOKUP($A13,Items!$A$5:$J$1000,8,0)) | S13: =IF(VLOOKUP($A13,Items!$A$5:$J$1000,3,0)=0," ",VLOOKUP($A13,Items!$A$5:$J$1000,3,0)) | T13: =IF(VLOOKUP($A13,Items!$A$5:$J$1000,7,0)=0," ",VLOOKUP($A13,Items!$A$5:$J$1000,7,0)) | U13: =IF(VLOOKUP($A13,Items!$A$5:$J$1000,2,0)=0," ",VLOOKUP($A13,Items!$A$5:$J$1000,2,0)) | V13: =IF(VLOOKUP($A13,Items!$A$5:$J$1000,9,0)=0," ",VLOOKUP($A13,Items!$A$5:$J$1000,9,0)) | W13: =IF(VLOOKUP($A13,Items!$A$5:$J$1000,4,0)=0," ",VLOOKUP($A13,Items!$A$5:$J$1000,4,0)) | X13: =IF(VLOOKUP($A13,Items!$A$5:$J$1000,6,0)=0," ",VLOOKUP($A13,Items!$A$5:$J$1000,6,0)) | Y13: =IF(VLOOKUP($A13,Items!$A$5:$J$1000,5,0)=0," ",VLOOKUP($A13,Items!$A$5:$J$1000,5,0)) | AA13: =IF(VLOOKUP($A13,Wood!$A$5:$W$1000,16,0)=0," ",VLOOKUP($A13,Wood!$A$5:$W$1000,16,0)) | AB13: =IF(VLOOKUP($A13,Wood!$A$5:$W$1000,17,0)=0," ",VLOOKUP($A13,Wood!$A$5:$W$1000,17,0)) | AC13: =IF(VLOOKUP($A13,Wood!$A$5:$W$1000,18,0)=0," ",VLOOKUP($A13,Wood!$A$5:$W$1000,18,0)) | AD13: =IF(VLOOKUP($A13,Wood!$A$5:$W$1000,19,0)=0," ",VLOOKUP($A13,Wood!$A$5:$W$1000,19,0)) | AE13: =IF(VLOOKUP($A13,Wood!$A$5:$W$1000,20,0)=0," ",VLOOKUP($A13,Wood!$A$5:$W$1000,20,0)) | AF13: =IF(VLOOKUP($A13,Wood!$A$5:$W$1000,21,0)=0," ",VLOOKUP($A13,Wood!$A$5:$W$1000,21,0)) | AG13: =IF(VLOOKUP($A13,Wood!$A$5:$W$1000,22,0)=0," ",VLOOKUP($A13,Wood!$A$5:$W$1000,22,0)) | AH13: =IF(VLOOKUP($A13,Wood!$A$5:$W$1000,23,0)=0," ",VLOOKUP($A13,Wood!$A$5:$W$1000,23,0)) | AN13: 1 | AO13: n/a | AP13: 1 | AR13: 46275 | AT13: =NOW()-AR13 -> 39.617591 | AU13: =IFERROR(AVERAGE(J13:N13,AJ13:AP13),"n/a") -> 1
A14: 9296 | B14: 15900- Makati |Techiron Resources Inc. | C14: HEATER GUARDS | D14: 0.05 | E14: =C14 -> HEATER GUARDS | F14: =D14 -> 0.05 | G14: 46314 | J14: n/a | K14: 0 | L14: 0 | M14: n/a | N14: n/a | P14: WEEK 43 | R14: =IF(VLOOKUP($A14,Items!$A$5:$J$1000,8,0)=0," ",VLOOKUP($A14,Items!$A$5:$J$1000,8,0)) | S14: =IF(VLOOKUP($A14,Items!$A$5:$J$1000,3,0)=0," ",VLOOKUP($A14,Items!$A$5:$J$1000,3,0)) | T14: =IF(VLOOKUP($A14,Items!$A$5:$J$1000,7,0)=0," ",VLOOKUP($A14,Items!$A$5:$J$1000,7,0)) -> 1 | U14: =IF(VLOOKUP($A14,Items!$A$5:$J$1000,2,0)=0," ",VLOOKUP($A14,Items!$A$5:$J$1000,2,0)) | V14: =IF(VLOOKUP($A14,Items!$A$5:$J$1000,9,0)=0," ",VLOOKUP($A14,Items!$A$5:$J$1000,9,0)) | W14: =IF(VLOOKUP($A14,Items!$A$5:$J$1000,4,0)=0," ",VLOOKUP($A14,Items!$A$5:$J$1000,4,0)) | X14: =IF(VLOOKUP($A14,Items!$A$5:$J$1000,6,0)=0," ",VLOOKUP($A14,Items!$A$5:$J$1000,6,0)) -> 1 | Y14: =IF(VLOOKUP($A14,Items!$A$5:$J$1000,5,0)=0," ",VLOOKUP($A14,Items!$A$5:$J$1000,5,0)) | AA14: =IF(VLOOKUP($A14,Wood!$A$5:$W$1000,16,0)=0," ",VLOOKUP($A14,Wood!$A$5:$W$1000,16,0)) | AB14: =IF(VLOOKUP($A14,Wood!$A$5:$W$1000,17,0)=0," ",VLOOKUP($A14,Wood!$A$5:$W$1000,17,0)) | AC14: =IF(VLOOKUP($A14,Wood!$A$5:$W$1000,18,0)=0," ",VLOOKUP($A14,Wood!$A$5:$W$1000,18,0)) | AD14: =IF(VLOOKUP($A14,Wood!$A$5:$W$1000,19,0)=0," ",VLOOKUP($A14,Wood!$A$5:$W$1000,19,0)) | AE14: =IF(VLOOKUP($A14,Wood!$A$5:$W$1000,20,0)=0," ",VLOOKUP($A14,Wood!$A$5:$W$1000,20,0)) | AF14: =IF(VLOOKUP($A14,Wood!$A$5:$W$1000,21,0)=0," ",VLOOKUP($A14,Wood!$A$5:$W$1000,21,0)) | AG14: =IF(VLOOKUP($A14,Wood!$A$5:$W$1000,22,0)=0," ",VLOOKUP($A14,Wood!$A$5:$W$1000,22,0)) | AH14: =IF(VLOOKUP($A14,Wood!$A$5:$W$1000,23,0)=0," ",VLOOKUP($A14,Wood!$A$5:$W$1000,23,0)) | AN14: n/a | AO14: n/a | AP14: n/a | AR14: 46310 | AS14: =IFERROR(G14-AR14,"") -> 4 | AT14: =NOW()-AR14 -> 4.6175914 | AU14: =IFERROR(AVERAGE(J14:N14,AJ14:AP14),"n/a") -> 0
A15: 9309 | B15: 43940-THAILAND | C15: HEATER | D15: 0.06403 | E15: =C15 -> HEATER | F15: =D15 -> 0.06403 | G15: 46314 | H15: 4X PACKING | I15: AIR | J15: n/a | K15: 0 | L15: n/a | M15: n/a | N15: n/a | P15: WEEK 43 | R15: =IF(VLOOKUP($A15,Items!$A$5:$J$1000,8,0)=0," ",VLOOKUP($A15,Items!$A$5:$J$1000,8,0)) | S15: =IF(VLOOKUP($A15,Items!$A$5:$J$1000,3,0)=0," ",VLOOKUP($A15,Items!$A$5:$J$1000,3,0)) -> 1 | T15: =IF(VLOOKUP($A15,Items!$A$5:$J$1000,7,0)=0," ",VLOOKUP($A15,Items!$A$5:$J$1000,7,0)) | U15: =IF(VLOOKUP($A15,Items!$A$5:$J$1000,2,0)=0," ",VLOOKUP($A15,Items!$A$5:$J$1000,2,0)) | V15: =IF(VLOOKUP($A15,Items!$A$5:$J$1000,9,0)=0," ",VLOOKUP($A15,Items!$A$5:$J$1000,9,0)) | W15: =IF(VLOOKUP($A15,Items!$A$5:$J$1000,4,0)=0," ",VLOOKUP($A15,Items!$A$5:$J$1000,4,0)) | X15: =IF(VLOOKUP($A15,Items!$A$5:$J$1000,6,0)=0," ",VLOOKUP($A15,Items!$A$5:$J$1000,6,0)) | Y15: =IF(VLOOKUP($A15,Items!$A$5:$J$1000,5,0)=0," ",VLOOKUP($A15,Items!$A$5:$J$1000,5,0)) | AA15: =IF(VLOOKUP($A15,Wood!$A$5:$W$1000,16,0)=0," ",VLOOKUP($A15,Wood!$A$5:$W$1000,16,0)) | AB15: =IF(VLOOKUP($A15,Wood!$A$5:$W$1000,17,0)=0," ",VLOOKUP($A15,Wood!$A$5:$W$1000,17,0)) | AC15: =IF(VLOOKUP($A15,Wood!$A$5:$W$1000,18,0)=0," ",VLOOKUP($A15,Wood!$A$5:$W$1000,18,0)) | AD15: =IF(VLOOKUP($A15,Wood!$A$5:$W$1000,19,0)=0," ",VLOOKUP($A15,Wood!$A$5:$W$1000,19,0)) | AE15: =IF(VLOOKUP($A15,Wood!$A$5:$W$1000,20,0)=0," ",VLOOKUP($A15,Wood!$A$5:$W$1000,20,0)) | AF15: =IF(VLOOKUP($A15,Wood!$A$5:$W$1000,21,0)=0," ",VLOOKUP($A15,Wood!$A$5:$W$1000,21,0)) | AG15: =IF(VLOOKUP($A15,Wood!$A$5:$W$1000,22,0)=0," ",VLOOKUP($A15,Wood!$A$5:$W$1000,22,0)) | AH15: =IF(VLOOKUP($A15,Wood!$A$5:$W$1000,23,0)=0," ",VLOOKUP($A15,Wood!$A$5:$W$1000,23,0)) | AN15: 0 | AO15: n/a | AP15: n/a | AR15: 46311 | AS15: =IFERROR(G15-AR15,"") -> 3 | AT15: =NOW()-AR15 -> 3.6175914 | AU15: =IFERROR(AVERAGE(J15:N15,AJ15:AP15),"n/a") -> 0
A16: 9117 | B16: 41700-CANADA BSAUNAS | C16: 2 UNITS SAUNA ROOMS (2222MD-Cedar & 1214RS-Cedar), WOODEN ACCESSORIES & DOORS | D16: 30.07 | E16: =C16 -> 2 UNITS SAUNA ROOMS (2222MD-Cedar & 1214RS-Cedar), WOODEN ACCESSORIES & DOORS | F16: =SUM(D16:D20) -> 83.268 | G16: 46315 | H16: note: all woods need fumigation - 10/16 | I16: 1X40HC | J16: n/a | K16: n/a | L16: 0 | M16: 0 | N16: 0 | O16: 2 | P16: WEEK 43 | R16: =IF(VLOOKUP($A16,Items!$A$5:$J$1000,8,0)=0," ",VLOOKUP($A16,Items!$A$5:$J$1000,8,0)) | S16: =IF(VLOOKUP($A16,Items!$A$5:$J$1000,3,0)=0," ",VLOOKUP($A16,Items!$A$5:$J$1000,3,0)) | T16: =IF(VLOOKUP($A16,Items!$A$5:$J$1000,7,0)=0," ",VLOOKUP($A16,Items!$A$5:$J$1000,7,0)) -> 540 | U16: =IF(VLOOKUP($A16,Items!$A$5:$J$1000,2,0)=0," ",VLOOKUP($A16,Items!$A$5:$J$1000,2,0)) -> 40 | V16: =IF(VLOOKUP($A16,Items!$A$5:$J$1000,9,0)=0," ",VLOOKUP($A16,Items!$A$5:$J$1000,9,0)) -> 2 | W16: =IF(VLOOKUP($A16,Items!$A$5:$J$1000,4,0)=0," ",VLOOKUP($A16,Items!$A$5:$J$1000,4,0)) | X16: =IF(VLOOKUP($A16,Items!$A$5:$J$1000,6,0)=0," ",VLOOKUP($A16,Items!$A$5:$J$1000,6,0)) | Y16: =IF(VLOOKUP($A16,Items!$A$5:$J$1000,5,0)=0," ",VLOOKUP($A16,Items!$A$5:$J$1000,5,0)) | AA16: =IF(VLOOKUP($A16,Wood!$A$5:$W$1000,16,0)=0," ",VLOOKUP($A16,Wood!$A$5:$W$1000,16,0)) -> 1.74 | AB16: =IF(VLOOKUP($A16,Wood!$A$5:$W$1000,17,0)=0," ",VLOOKUP($A16,Wood!$A$5:$W$1000,17,0)) -> 2.2528 | AC16: =IF(VLOOKUP($A16,Wood!$A$5:$W$1000,18,0)=0," ",VLOOKUP($A16,Wood!$A$5:$W$1000,18,0)) | AD16: =IF(VLOOKUP($A16,Wood!$A$5:$W$1000,19,0)=0," ",VLOOKUP($A16,Wood!$A$5:$W$1000,19,0)) | AE16: =IF(VLOOKUP($A16,Wood!$A$5:$W$1000,20,0)=0," ",VLOOKUP($A16,Wood!$A$5:$W$1000,20,0)) | AF16: =IF(VLOOKUP($A16,Wood!$A$5:$W$1000,21,0)=0," ",VLOOKUP($A16,Wood!$A$5:$W$1000,21,0)) | AG16: =IF(VLOOKUP($A16,Wood!$A$5:$W$1000,22,0)=0," ",VLOOKUP($A16,Wood!$A$5:$W$1000,22,0)) -> 0.0032 | AH16: =IF(VLOOKUP($A16,Wood!$A$5:$W$1000,23,0)=0," ",VLOOKUP($A16,Wood!$A$5:$W$1000,23,0)) | AN16: n/a | AO16: 0 | AP16: 0 | AR16: 46300 | AS16: =IFERROR(G16-AR16,"") -> 15 | AT16: =NOW()-AR16 -> 14.617591 | AU16: =IFERROR(AVERAGE(J16:N16,AJ16:AP16),"n/a") -> 0
A17: 8641 | B17: 41700-CANADA BSAUNAS BACKLOG | C17: WOODEN ACCESSORIES & DOORS | D17: 25.16 | E17: =C17 -> WOODEN ACCESSORIES & DOORS | G17: 46315 | J17: n/a | K17: n/a | L17: 0.56 | M17: 1 | N17: n/a | P17: WEEK 43 | R17: =IF(VLOOKUP($A17,Items!$A$5:$J$1000,8,0)=0," ",VLOOKUP($A17,Items!$A$5:$J$1000,8,0)) | S17: =IF(VLOOKUP($A17,Items!$A$5:$J$1000,3,0)=0," ",VLOOKUP($A17,Items!$A$5:$J$1000,3,0)) | T17: =IF(VLOOKUP($A17,Items!$A$5:$J$1000,7,0)=0," ",VLOOKUP($A17,Items!$A$5:$J$1000,7,0)) -> 4074 | U17: =IF(VLOOKUP($A17,Items!$A$5:$J$1000,2,0)=0," ",VLOOKUP($A17,Items!$A$5:$J$1000,2,0)) -> 10 | V17: =IF(VLOOKUP($A17,Items!$A$5:$J$1000,9,0)=0," ",VLOOKUP($A17,Items!$A$5:$J$1000,9,0)) | W17: =IF(VLOOKUP($A17,Items!$A$5:$J$1000,4,0)=0," ",VLOOKUP($A17,Items!$A$5:$J$1000,4,0)) | X17: =IF(VLOOKUP($A17,Items!$A$5:$J$1000,6,0)=0," ",VLOOKUP($A17,Items!$A$5:$J$1000,6,0)) | Y17: =IF(VLOOKUP($A17,Items!$A$5:$J$1000,5,0)=0," ",VLOOKUP($A17,Items!$A$5:$J$1000,5,0)) | AA17: =IF(VLOOKUP($A17,Wood!$A$5:$W$1000,16,0)=0," ",VLOOKUP($A17,Wood!$A$5:$W$1000,16,0)) -> 2.1492 | AB17: =IF(VLOOKUP($A17,Wood!$A$5:$W$1000,17,0)=0," ",VLOOKUP($A17,Wood!$A$5:$W$1000,17,0)) -> 9.05804 | AC17: =IF(VLOOKUP($A17,Wood!$A$5:$W$1000,18,0)=0," ",VLOOKUP($A17,Wood!$A$5:$W$1000,18,0)) -> 0.1008 | AD17: =IF(VLOOKUP($A17,Wood!$A$5:$W$1000,19,0)=0," ",VLOOKUP($A17,Wood!$A$5:$W$1000,19,0)) | AE17: =IF(VLOOKUP($A17,Wood!$A$5:$W$1000,20,0)=0," ",VLOOKUP($A17,Wood!$A$5:$W$1000,20,0)) | AF17: =IF(VLOOKUP($A17,Wood!$A$5:$W$1000,21,0)=0," ",VLOOKUP($A17,Wood!$A$5:$W$1000,21,0)) -> 4.19392 | AG17: =IF(VLOOKUP($A17,Wood!$A$5:$W$1000,22,0)=0," ",VLOOKUP($A17,Wood!$A$5:$W$1000,22,0)) | AH17: =IF(VLOOKUP($A17,Wood!$A$5:$W$1000,23,0)=0," ",VLOOKUP($A17,Wood!$A$5:$W$1000,23,0)) | AN17: n/a | AO17: 1 | AP17: n/a | AR17: 46267 | AS17: =IFERROR(G17-AR17,"") -> 48 | AT17: =NOW()-AR17 -> 47.617591 | AU17: =IFERROR(AVERAGE(J17:N17,AJ17:AP17),"n/a") -> 0.85333333
A18: 8102 | B18: 41700-CANADA BSAUNAS BACKLOG | C18: CORNER MOULDING | D18: 0.748 | E18: =C18 -> CORNER MOULDING | G18: 46315 | J18: n/a | K18: n/a | L18: n/a | M18: n/a | N18: 0.5 | P18: WEEK 43 | R18: =IF(VLOOKUP($A18,Items!$A$5:$J$1000,8,0)=0," ",VLOOKUP($A18,Items!$A$5:$J$1000,8,0)) | S18: =IF(VLOOKUP($A18,Items!$A$5:$J$1000,3,0)=0," ",VLOOKUP($A18,Items!$A$5:$J$1000,3,0)) | T18: =IF(VLOOKUP($A18,Items!$A$5:$J$1000,7,0)=0," ",VLOOKUP($A18,Items!$A$5:$J$1000,7,0)) | U18: =IF(VLOOKUP($A18,Items!$A$5:$J$1000,2,0)=0," ",VLOOKUP($A18,Items!$A$5:$J$1000,2,0)) | V18: =IF(VLOOKUP($A18,Items!$A$5:$J$1000,9,0)=0," ",VLOOKUP($A18,Items!$A$5:$J$1000,9,0)) | W18: =IF(VLOOKUP($A18,Items!$A$5:$J$1000,4,0)=0," ",VLOOKUP($A18,Items!$A$5:$J$1000,4,0)) | X18: =IF(VLOOKUP($A18,Items!$A$5:$J$1000,6,0)=0," ",VLOOKUP($A18,Items!$A$5:$J$1000,6,0)) -> 340 | Y18: =IF(VLOOKUP($A18,Items!$A$5:$J$1000,5,0)=0," ",VLOOKUP($A18,Items!$A$5:$J$1000,5,0)) | AA18: =IF(VLOOKUP($A18,Wood!$A$5:$W$1000,16,0)=0," ",VLOOKUP($A18,Wood!$A$5:$W$1000,16,0)) | AB18: =IF(VLOOKUP($A18,Wood!$A$5:$W$1000,17,0)=0," ",VLOOKUP($A18,Wood!$A$5:$W$1000,17,0)) | AC18: =IF(VLOOKUP($A18,Wood!$A$5:$W$1000,18,0)=0," ",VLOOKUP($A18,Wood!$A$5:$W$1000,18,0)) | AD18: =IF(VLOOKUP($A18,Wood!$A$5:$W$1000,19,0)=0," ",VLOOKUP($A18,Wood!$A$5:$W$1000,19,0)) | AE18: =IF(VLOOKUP($A18,Wood!$A$5:$W$1000,20,0)=0," ",VLOOKUP($A18,Wood!$A$5:$W$1000,20,0)) | AF18: =IF(VLOOKUP($A18,Wood!$A$5:$W$1000,21,0)=0," ",VLOOKUP($A18,Wood!$A$5:$W$1000,21,0)) | AG18: =IF(VLOOKUP($A18,Wood!$A$5:$W$1000,22,0)=0," ",VLOOKUP($A18,Wood!$A$5:$W$1000,22,0)) | AH18: =IF(VLOOKUP($A18,Wood!$A$5:$W$1000,23,0)=0," ",VLOOKUP($A18,Wood!$A$5:$W$1000,23,0)) | AN18: n/a | AO18: n/a | AP18: 0.5 | AR18: 46223 | AS18: =IFERROR(G18-AR18,"") -> 92 | AT18: =NOW()-AR18 -> 91.617591 | AU18: =IFERROR(AVERAGE(J18:N18,AJ18:AP18),"n/a") -> 0.5
A19: 5928 | B19: 41700-CANADA BSAUNAS BACKLOG | C19: DOORS | D19: 16.62 | E19: =C19 -> DOORS | J19: n/a | K19: n/a | L19: n/a | M19: 1 | N19: n/a | P19: WEEK 43 | R19: =IF(VLOOKUP($A19,Items!$A$5:$J$1000,8,0)=0," ",VLOOKUP($A19,Items!$A$5:$J$1000,8,0)) | S19: =IF(VLOOKUP($A19,Items!$A$5:$J$1000,3,0)=0," ",VLOOKUP($A19,Items!$A$5:$J$1000,3,0)) | T19: =IF(VLOOKUP($A19,Items!$A$5:$J$1000,7,0)=0," ",VLOOKUP($A19,Items!$A$5:$J$1000,7,0)) | U19: =IF(VLOOKUP($A19,Items!$A$5:$J$1000,2,0)=0," ",VLOOKUP($A19,Items!$A$5:$J$1000,2,0)) -> 70 | V19: =IF(VLOOKUP($A19,Items!$A$5:$J$1000,9,0)=0," ",VLOOKUP($A19,Items!$A$5:$J$1000,9,0)) | W19: =IF(VLOOKUP($A19,Items!$A$5:$J$1000,4,0)=0," ",VLOOKUP($A19,Items!$A$5:$J$1000,4,0)) | X19: =IF(VLOOKUP($A19,Items!$A$5:$J$1000,6,0)=0," ",VLOOKUP($A19,Items!$A$5:$J$1000,6,0)) | Y19: =IF(VLOOKUP($A19,Items!$A$5:$J$1000,5,0)=0," ",VLOOKUP($A19,Items!$A$5:$J$1000,5,0)) | AA19: =IF(VLOOKUP($A19,Wood!$A$5:$W$1000,16,0)=0," ",VLOOKUP($A19,Wood!$A$5:$W$1000,16,0)) -> 7.2538 | AB19: =IF(VLOOKUP($A19,Wood!$A$5:$W$1000,17,0)=0," ",VLOOKUP($A19,Wood!$A$5:$W$1000,17,0)) -> 0.6044 | AC19: =IF(VLOOKUP($A19,Wood!$A$5:$W$1000,18,0)=0," ",VLOOKUP($A19,Wood!$A$5:$W$1000,18,0)) | AD19: =IF(VLOOKUP($A19,Wood!$A$5:$W$1000,19,0)=0," ",VLOOKUP($A19,Wood!$A$5:$W$1000,19,0)) | AE19: =IF(VLOOKUP($A19,Wood!$A$5:$W$1000,20,0)=0," ",VLOOKUP($A19,Wood!$A$5:$W$1000,20,0)) | AF19: =IF(VLOOKUP($A19,Wood!$A$5:$W$1000,21,0)=0," ",VLOOKUP($A19,Wood!$A$5:$W$1000,21,0)) | AG19: =IF(VLOOKUP($A19,Wood!$A$5:$W$1000,22,0)=0," ",VLOOKUP($A19,Wood!$A$5:$W$1000,22,0)) -> 0.0008 | AH19: =IF(VLOOKUP($A19,Wood!$A$5:$W$1000,23,0)=0," ",VLOOKUP($A19,Wood!$A$5:$W$1000,23,0)) | AN19: n/a | AO19: 1 | AP19: n/a | AR19: 46090 | AT19: =NOW()-AR19 -> 224.61759 | AU19: =IFERROR(AVERAGE(J19:N19,AJ19:AP19),"n/a") -> 1
A20: 4781 | B20: 41700-CANADA BSAUNAS BACKLOG | C20: DOORS | D20: 10.67 | E20: =C20 -> DOORS | J20: n/a | K20: n/a | L20: n/a | M20: 0.9 | N20: n/a | P20: WEEK 43 | R20: =IF(VLOOKUP($A20,Items!$A$5:$J$1000,8,0)=0," ",VLOOKUP($A20,Items!$A$5:$J$1000,8,0)) | S20: =IF(VLOOKUP($A20,Items!$A$5:$J$1000,3,0)=0," ",VLOOKUP($A20,Items!$A$5:$J$1000,3,0)) | T20: =IF(VLOOKUP($A20,Items!$A$5:$J$1000,7,0)=0," ",VLOOKUP($A20,Items!$A$5:$J$1000,7,0)) | U20: =IF(VLOOKUP($A20,Items!$A$5:$J$1000,2,0)=0," ",VLOOKUP($A20,Items!$A$5:$J$1000,2,0)) -> 65 | V20: =IF(VLOOKUP($A20,Items!$A$5:$J$1000,9,0)=0," ",VLOOKUP($A20,Items!$A$5:$J$1000,9,0)) | W20: =IF(VLOOKUP($A20,Items!$A$5:$J$1000,4,0)=0," ",VLOOKUP($A20,Items!$A$5:$J$1000,4,0)) | X20: =IF(VLOOKUP($A20,Items!$A$5:$J$1000,6,0)=0," ",VLOOKUP($A20,Items!$A$5:$J$1000,6,0)) | Y20: =IF(VLOOKUP($A20,Items!$A$5:$J$1000,5,0)=0," ",VLOOKUP($A20,Items!$A$5:$J$1000,5,0)) | AA20: =IF(VLOOKUP($A20,Wood!$A$5:$W$1000,16,0)=0," ",VLOOKUP($A20,Wood!$A$5:$W$1000,16,0)) -> 3.61175 | AB20: =IF(VLOOKUP($A20,Wood!$A$5:$W$1000,17,0)=0," ",VLOOKUP($A20,Wood!$A$5:$W$1000,17,0)) -> 0.3411 | AC20: =IF(VLOOKUP($A20,Wood!$A$5:$W$1000,18,0)=0," ",VLOOKUP($A20,Wood!$A$5:$W$1000,18,0)) | AD20: =IF(VLOOKUP($A20,Wood!$A$5:$W$1000,19,0)=0," ",VLOOKUP($A20,Wood!$A$5:$W$1000,19,0)) | AE20: =IF(VLOOKUP($A20,Wood!$A$5:$W$1000,20,0)=0," ",VLOOKUP($A20,Wood!$A$5:$W$1000,20,0)) | AF20: =IF(VLOOKUP($A20,Wood!$A$5:$W$1000,21,0)=0," ",VLOOKUP($A20,Wood!$A$5:$W$1000,21,0)) | AG20: =IF(VLOOKUP($A20,Wood!$A$5:$W$1000,22,0)=0," ",VLOOKUP($A20,Wood!$A$5:$W$1000,22,0)) | AH20: =IF(VLOOKUP($A20,Wood!$A$5:$W$1000,23,0)=0," ",VLOOKUP($A20,Wood!$A$5:$W$1000,23,0)) | AN20: n/a | AO20: 1 | AP20: n/a | AR20: 45979 | AT20: =NOW()-AR20 -> 335.61759 | AU20: =IFERROR(AVERAGE(J20:N20,AJ20:AP20),"n/a") -> 0.95
A21: 9259 | B21: 27200-UAE | C21: SPARE PARTS & WOODEN ACCESSORIES | D21: 0.07 | E21: =C21 -> SPARE PARTS & WOODEN ACCESSORIES | F21: =D21 -> 0.07 | G21: 46316 | I21: AIR | J21: n/a | K21: 0 | L21: 0 | M21: n/a | N21: n/a | P21: WEEK 43 | R21: =IF(VLOOKUP($A21,Items!$A$5:$J$1000,8,0)=0," ",VLOOKUP($A21,Items!$A$5:$J$1000,8,0)) | S21: =IF(VLOOKUP($A21,Items!$A$5:$J$1000,3,0)=0," ",VLOOKUP($A21,Items!$A$5:$J$1000,3,0)) | T21: =IF(VLOOKUP($A21,Items!$A$5:$J$1000,7,0)=0," ",VLOOKUP($A21,Items!$A$5:$J$1000,7,0)) -> 20 | U21: =IF(VLOOKUP($A21,Items!$A$5:$J$1000,2,0)=0," ",VLOOKUP($A21,Items!$A$5:$J$1000,2,0)) | V21: =IF(VLOOKUP($A21,Items!$A$5:$J$1000,9,0)=0," ",VLOOKUP($A21,Items!$A$5:$J$1000,9,0)) | W21: =IF(VLOOKUP($A21,Items!$A$5:$J$1000,4,0)=0," ",VLOOKUP($A21,Items!$A$5:$J$1000,4,0)) | X21: =IF(VLOOKUP($A21,Items!$A$5:$J$1000,6,0)=0," ",VLOOKUP($A21,Items!$A$5:$J$1000,6,0)) -> 16 | Y21: =IF(VLOOKUP($A21,Items!$A$5:$J$1000,5,0)=0," ",VLOOKUP($A21,Items!$A$5:$J$1000,5,0)) | AA21: =IF(VLOOKUP($A21,Wood!$A$5:$W$1000,16,0)=0," ",VLOOKUP($A21,Wood!$A$5:$W$1000,16,0)) | AB21: =IF(VLOOKUP($A21,Wood!$A$5:$W$1000,17,0)=0," ",VLOOKUP($A21,Wood!$A$5:$W$1000,17,0)) | AC21: =IF(VLOOKUP($A21,Wood!$A$5:$W$1000,18,0)=0," ",VLOOKUP($A21,Wood!$A$5:$W$1000,18,0)) | AD21: =IF(VLOOKUP($A21,Wood!$A$5:$W$1000,19,0)=0," ",VLOOKUP($A21,Wood!$A$5:$W$1000,19,0)) | AE21: =IF(VLOOKUP($A21,Wood!$A$5:$W$1000,20,0)=0," ",VLOOKUP($A21,Wood!$A$5:$W$1000,20,0)) | AF21: =IF(VLOOKUP($A21,Wood!$A$5:$W$1000,21,0)=0," ",VLOOKUP($A21,Wood!$A$5:$W$1000,21,0)) | AG21: =IF(VLOOKUP($A21,Wood!$A$5:$W$1000,22,0)=0," ",VLOOKUP($A21,Wood!$A$5:$W$1000,22,0)) | AH21: =IF(VLOOKUP($A21,Wood!$A$5:$W$1000,23,0)=0," ",VLOOKUP($A21,Wood!$A$5:$W$1000,23,0)) | AN21: n/a | AO21: n/a | AP21: n/a | AR21: 46311 | AS21: =IFERROR(G21-AR21,"") -> 5 | AT21: =NOW()-AR21 -> 3.6175914 | AU21: =IFERROR(AVERAGE(J21:N21,AJ21:AP21),"n/a") -> 0
A22: 8765 | B22: 8200-AUSTRALIA | C22: 17 UNITS SAUNA ROOMS (1414RS-3sr Cedar, 1515RL-6sr Cedar, 1419RS-Cedar & 1520RL-7sr Cedar) w/ complete set of accessories and heater, SPARE PARTS, HEATERS, DOORS & WOODEN ACCESSORIES | D22: 58.86 | E22: =C22 -> 17 UNITS SAUNA ROOMS (1414RS-3sr Cedar, 1515RL-6sr Cedar, 1419RS-Cedar & 1520RL-7sr Cedar) w/ complete set of accessories and heater, SPARE PARTS, HEATERS, DOORS & WOODEN ACCESSORIES | F22: =SUM(D22:D23) -> 64.93 | G22: 46316 | H22: note: all woods need fumigation - 10/21 | I22: 1X40HC | J22: 0.821 | K22: 0.87 | L22: 0 | M22: 0 | N22: 0.083 | O22: 17 | P22: WEEK 43 | R22: =IF(VLOOKUP($A22,Items!$A$5:$J$1000,8,0)=0," ",VLOOKUP($A22,Items!$A$5:$J$1000,8,0)) -> 9 | S22: =IF(VLOOKUP($A22,Items!$A$5:$J$1000,3,0)=0," ",VLOOKUP($A22,Items!$A$5:$J$1000,3,0)) -> 75 | T22: =IF(VLOOKUP($A22,Items!$A$5:$J$1000,7,0)=0," ",VLOOKUP($A22,Items!$A$5:$J$1000,7,0)) -> 230 | U22: =IF(VLOOKUP($A22,Items!$A$5:$J$1000,2,0)=0," ",VLOOKUP($A22,Items!$A$5:$J$1000,2,0)) -> 4 | V22: =IF(VLOOKUP($A22,Items!$A$5:$J$1000,9,0)=0," ",VLOOKUP($A22,Items!$A$5:$J$1000,9,0)) -> 17 | W22: =IF(VLOOKUP($A22,Items!$A$5:$J$1000,4,0)=0," ",VLOOKUP($A22,Items!$A$5:$J$1000,4,0)) | X22: =IF(VLOOKUP($A22,Items!$A$5:$J$1000,6,0)=0," ",VLOOKUP($A22,Items!$A$5:$J$1000,6,0)) -> 229 | Y22: =IF(VLOOKUP($A22,Items!$A$5:$J$1000,5,0)=0," ",VLOOKUP($A22,Items!$A$5:$J$1000,5,0)) -> 101 | AA22: =IF(VLOOKUP($A22,Wood!$A$5:$W$1000,16,0)=0," ",VLOOKUP($A22,Wood!$A$5:$W$1000,16,0)) -> 3.39744 | AB22: =IF(VLOOKUP($A22,Wood!$A$5:$W$1000,17,0)=0," ",VLOOKUP($A22,Wood!$A$5:$W$1000,17,0)) -> 12.66294 | AC22: =IF(VLOOKUP($A22,Wood!$A$5:$W$1000,18,0)=0," ",VLOOKUP($A22,Wood!$A$5:$W$1000,18,0)) | AD22: =IF(VLOOKUP($A22,Wood!$A$5:$W$1000,19,0)=0," ",VLOOKUP($A22,Wood!$A$5:$W$1000,19,0)) | AE22: =IF(VLOOKUP($A22,Wood!$A$5:$W$1000,20,0)=0," ",VLOOKUP($A22,Wood!$A$5:$W$1000,20,0)) | AF22: =IF(VLOOKUP($A22,Wood!$A$5:$W$1000,21,0)=0," ",VLOOKUP($A22,Wood!$A$5:$W$1000,21,0)) | AG22: =IF(VLOOKUP($A22,Wood!$A$5:$W$1000,22,0)=0," ",VLOOKUP($A22,Wood!$A$5:$W$1000,22,0)) | AH22: =IF(VLOOKUP($A22,Wood!$A$5:$W$1000,23,0)=0," ",VLOOKUP($A22,Wood!$A$5:$W$1000,23,0)) | AN22: 0.87 | AO22: 0 | AP22: 1 | AR22: 46276 | AS22: =IFERROR(G22-AR22,"") -> 40 | AT22: =NOW()-AR22 -> 38.617591 | AU22: =IFERROR(AVERAGE(J22:N22,AJ22:AP22),"n/a") -> 0.4555
A23: 7919 | B23: 8200-AUSTRALIA | C23: 1 UNIT SAUNA ROOM (1620RL-Cedar) w/ complete set of accessories and heater, SAWO-20 & R-980 | D23: 6.07 | E23: =C23 -> 1 UNIT SAUNA ROOM (1620RL-Cedar) w/ complete set of accessories and heater, SAWO-20 & R-980 | J23: 1 | K23: 1 | L23: 1 | M23: n/a | N23: 1 | O23: 1 | P23: WEEK 43 | Q23: 2 | R23: =IF(VLOOKUP($A23,Items!$A$5:$J$1000,8,0)=0," ",VLOOKUP($A23,Items!$A$5:$J$1000,8,0)) | S23: =IF(VLOOKUP($A23,Items!$A$5:$J$1000,3,0)=0," ",VLOOKUP($A23,Items!$A$5:$J$1000,3,0)) -> 1 | T23: =IF(VLOOKUP($A23,Items!$A$5:$J$1000,7,0)=0," ",VLOOKUP($A23,Items!$A$5:$J$1000,7,0)) | U23: =IF(VLOOKUP($A23,Items!$A$5:$J$1000,2,0)=0," ",VLOOKUP($A23,Items!$A$5:$J$1000,2,0)) | V23: =IF(VLOOKUP($A23,Items!$A$5:$J$1000,9,0)=0," ",VLOOKUP($A23,Items!$A$5:$J$1000,9,0)) | W23: =IF(VLOOKUP($A23,Items!$A$5:$J$1000,4,0)=0," ",VLOOKUP($A23,Items!$A$5:$J$1000,4,0)) | X23: =IF(VLOOKUP($A23,Items!$A$5:$J$1000,6,0)=0," ",VLOOKUP($A23,Items!$A$5:$J$1000,6,0)) | Y23: =IF(VLOOKUP($A23,Items!$A$5:$J$1000,5,0)=0," ",VLOOKUP($A23,Items!$A$5:$J$1000,5,0)) | AA23: =IF(VLOOKUP($A23,Wood!$A$5:$W$1000,16,0)=0," ",VLOOKUP($A23,Wood!$A$5:$W$1000,16,0)) | AB23: =IF(VLOOKUP($A23,Wood!$A$5:$W$1000,17,0)=0," ",VLOOKUP($A23,Wood!$A$5:$W$1000,17,0)) | AC23: =IF(VLOOKUP($A23,Wood!$A$5:$W$1000,18,0)=0," ",VLOOKUP($A23,Wood!$A$5:$W$1000,18,0)) | AD23: =IF(VLOOKUP($A23,Wood!$A$5:$W$1000,19,0)=0," ",VLOOKUP($A23,Wood!$A$5:$W$1000,19,0)) | AE23: =IF(VLOOKUP($A23,Wood!$A$5:$W$1000,20,0)=0," ",VLOOKUP($A23,Wood!$A$5:$W$1000,20,0)) | AF23: =IF(VLOOKUP($A23,Wood!$A$5:$W$1000,21,0)=0," ",VLOOKUP($A23,Wood!$A$5:$W$1000,21,0)) | AG23: =IF(VLOOKUP($A23,Wood!$A$5:$W$1000,22,0)=0," ",VLOOKUP($A23,Wood!$A$5:$W$1000,22,0)) | AH23: =IF(VLOOKUP($A23,Wood!$A$5:$W$1000,23,0)=0," ",VLOOKUP($A23,Wood!$A$5:$W$1000,23,0)) | AN23: 1 | AO23: n/a | AP23: 1 | AR23: 46206 | AT23: =NOW()-AR23 -> 108.61759 | AU23: =IFERROR(AVERAGE(J23:N23,AJ23:AP23),"n/a") -> 1
A24: 9015 | B24: 15900- Mandaue City | Atty. Brando Raya | C24: 1 UNIT SAUNA ROOM (1430LL-Cedar) w/ complete set of accessories and heater | D24: 0.256 | E24: =C24 -> 1 UNIT SAUNA ROOM (1430LL-Cedar) w/ complete set of accessories and heater | F24: =D24 -> 0.256 | G24: 46323 | H24: PULL-OUT 10/28 | I24: LCL | J24: 0 | K24: 1 | L24: 0 | M24: n/a | N24: 0 | O24: 1 | P24: WEEK 44 | R24: =IF(VLOOKUP($A24,Items!$A$5:$J$1000,8,0)=0," ",VLOOKUP($A24,Items!$A$5:$J$1000,8,0)) -> 2 | S24: =IF(VLOOKUP($A24,Items!$A$5:$J$1000,3,0)=0," ",VLOOKUP($A24,Items!$A$5:$J$1000,3,0)) -> 1 | T24: =IF(VLOOKUP($A24,Items!$A$5:$J$1000,7,0)=0," ",VLOOKUP($A24,Items!$A$5:$J$1000,7,0)) -> 6 | U24: =IF(VLOOKUP($A24,Items!$A$5:$J$1000,2,0)=0," ",VLOOKUP($A24,Items!$A$5:$J$1000,2,0)) | V24: =IF(VLOOKUP($A24,Items!$A$5:$J$1000,9,0)=0," ",VLOOKUP($A24,Items!$A$5:$J$1000,9,0)) -> 1 | W24: =IF(VLOOKUP($A24,Items!$A$5:$J$1000,4,0)=0," ",VLOOKUP($A24,Items!$A$5:$J$1000,4,0)) | X24: =IF(VLOOKUP($A24,Items!$A$5:$J$1000,6,0)=0," ",VLOOKUP($A24,Items!$A$5:$J$1000,6,0)) -> 1 | Y24: =IF(VLOOKUP($A24,Items!$A$5:$J$1000,5,0)=0," ",VLOOKUP($A24,Items!$A$5:$J$1000,5,0)) -> 1 | AA24: =IF(VLOOKUP($A24,Wood!$A$5:$W$1000,16,0)=0," ",VLOOKUP($A24,Wood!$A$5:$W$1000,16,0)) -> 0.172 | AB24: =IF(VLOOKUP($A24,Wood!$A$5:$W$1000,17,0)=0," ",VLOOKUP($A24,Wood!$A$5:$W$1000,17,0)) -> 0.69256 | AC24: =IF(VLOOKUP($A24,Wood!$A$5:$W$1000,18,0)=0," ",VLOOKUP($A24,Wood!$A$5:$W$1000,18,0)) | AD24: =IF(VLOOKUP($A24,Wood!$A$5:$W$1000,19,0)=0," ",VLOOKUP($A24,Wood!$A$5:$W$1000,19,0)) | AE24: =IF(VLOOKUP($A24,Wood!$A$5:$W$1000,20,0)=0," ",VLOOKUP($A24,Wood!$A$5:$W$1000,20,0)) | AF24: =IF(VLOOKUP($A24,Wood!$A$5:$W$1000,21,0)=0," ",VLOOKUP($A24,Wood!$A$5:$W$1000,21,0)) | AG24: =IF(VLOOKUP($A24,Wood!$A$5:$W$1000,22,0)=0," ",VLOOKUP($A24,Wood!$A$5:$W$1000,22,0)) | AH24: =IF(VLOOKUP($A24,Wood!$A$5:$W$1000,23,0)=0," ",VLOOKUP($A24,Wood!$A$5:$W$1000,23,0)) | AN24: 1 | AO24: n/a | AP24: 0.4 | AR24: 46293 | AS24: =IFERROR(G24-AR24,"") -> 30 | AT24: =NOW()-AR24 -> 21.617591 | AU24: =IFERROR(AVERAGE(J24:N24,AJ24:AP24),"n/a") -> 0.4
A25: 9063 | B25: 15900- Borongan City | Kookie Lim Uy / 3K Salon And Spa | C25: 1 UNIT SAUNA ROOM (1414RS-Cedar) w/ complete set of accessories and heater | D25: 0.12 | E25: =C25 -> 1 UNIT SAUNA ROOM (1414RS-Cedar) w/ complete set of accessories and heater | F25: =D25 -> 0.12 | G25: 46323 | H25: PULL-OUT 10/28 | J25: 0 | K25: 1 | L25: 0 | M25: n/a | N25: 0 | O25: 1 | P25: WEEK 44 | R25: =IF(VLOOKUP($A25,Items!$A$5:$J$1000,8,0)=0," ",VLOOKUP($A25,Items!$A$5:$J$1000,8,0)) -> 2 | S25: =IF(VLOOKUP($A25,Items!$A$5:$J$1000,3,0)=0," ",VLOOKUP($A25,Items!$A$5:$J$1000,3,0)) -> 1 | T25: =IF(VLOOKUP($A25,Items!$A$5:$J$1000,7,0)=0," ",VLOOKUP($A25,Items!$A$5:$J$1000,7,0)) -> 5 | U25: =IF(VLOOKUP($A25,Items!$A$5:$J$1000,2,0)=0," ",VLOOKUP($A25,Items!$A$5:$J$1000,2,0)) | V25: =IF(VLOOKUP($A25,Items!$A$5:$J$1000,9,0)=0," ",VLOOKUP($A25,Items!$A$5:$J$1000,9,0)) -> 1 | W25: =IF(VLOOKUP($A25,Items!$A$5:$J$1000,4,0)=0," ",VLOOKUP($A25,Items!$A$5:$J$1000,4,0)) | X25: =IF(VLOOKUP($A25,Items!$A$5:$J$1000,6,0)=0," ",VLOOKUP($A25,Items!$A$5:$J$1000,6,0)) -> 1 | Y25: =IF(VLOOKUP($A25,Items!$A$5:$J$1000,5,0)=0," ",VLOOKUP($A25,Items!$A$5:$J$1000,5,0)) -> 1 | AA25: =IF(VLOOKUP($A25,Wood!$A$5:$W$1000,16,0)=0," ",VLOOKUP($A25,Wood!$A$5:$W$1000,16,0)) -> 0.172 | AB25: =IF(VLOOKUP($A25,Wood!$A$5:$W$1000,17,0)=0," ",VLOOKUP($A25,Wood!$A$5:$W$1000,17,0)) -> 0.69374 | AC25: =IF(VLOOKUP($A25,Wood!$A$5:$W$1000,18,0)=0," ",VLOOKUP($A25,Wood!$A$5:$W$1000,18,0)) | AD25: =IF(VLOOKUP($A25,Wood!$A$5:$W$1000,19,0)=0," ",VLOOKUP($A25,Wood!$A$5:$W$1000,19,0)) | AE25: =IF(VLOOKUP($A25,Wood!$A$5:$W$1000,20,0)=0," ",VLOOKUP($A25,Wood!$A$5:$W$1000,20,0)) | AF25: =IF(VLOOKUP($A25,Wood!$A$5:$W$1000,21,0)=0," ",VLOOKUP($A25,Wood!$A$5:$W$1000,21,0)) | AG25: =IF(VLOOKUP($A25,Wood!$A$5:$W$1000,22,0)=0," ",VLOOKUP($A25,Wood!$A$5:$W$1000,22,0)) | AH25: =IF(VLOOKUP($A25,Wood!$A$5:$W$1000,23,0)=0," ",VLOOKUP($A25,Wood!$A$5:$W$1000,23,0)) | AN25: 1 | AO25: n/a | AP25: 0.4 | AR25: 46295 | AS25: =IFERROR(G25-AR25,"") -> 28 | AT25: =NOW()-AR25 -> 19.617591 | AU25: =IFERROR(AVERAGE(J25:N25,AJ25:AP25),"n/a") -> 0.4
A26: 9131 | B26: 15900- Cagayan De Oro |Kevin Anthony Pilapil Lagumbay | C26: 1 UNIT SAUNA ROOM (1515RL-Cedar) w/ complete set of accessories and heater | D26: 0.12 | E26: =C26 -> 1 UNIT SAUNA ROOM (1515RL-Cedar) w/ complete set of accessories and heater | F26: =D26 -> 0.12 | G26: 46323 | H26: PULL-OUT 10/28 | J26: 0 | K26: 1 | L26: 0 | M26: n/a | N26: 0 | O26: 1 | P26: WEEK 44 | R26: =IF(VLOOKUP($A26,Items!$A$5:$J$1000,8,0)=0," ",VLOOKUP($A26,Items!$A$5:$J$1000,8,0)) -> 2 | S26: =IF(VLOOKUP($A26,Items!$A$5:$J$1000,3,0)=0," ",VLOOKUP($A26,Items!$A$5:$J$1000,3,0)) -> 1 | T26: =IF(VLOOKUP($A26,Items!$A$5:$J$1000,7,0)=0," ",VLOOKUP($A26,Items!$A$5:$J$1000,7,0)) -> 6 | U26: =IF(VLOOKUP($A26,Items!$A$5:$J$1000,2,0)=0," ",VLOOKUP($A26,Items!$A$5:$J$1000,2,0)) | V26: =IF(VLOOKUP($A26,Items!$A$5:$J$1000,9,0)=0," ",VLOOKUP($A26,Items!$A$5:$J$1000,9,0)) -> 1 | W26: =IF(VLOOKUP($A26,Items!$A$5:$J$1000,4,0)=0," ",VLOOKUP($A26,Items!$A$5:$J$1000,4,0)) | X26: =IF(VLOOKUP($A26,Items!$A$5:$J$1000,6,0)=0," ",VLOOKUP($A26,Items!$A$5:$J$1000,6,0)) -> 1 | Y26: =IF(VLOOKUP($A26,Items!$A$5:$J$1000,5,0)=0," ",VLOOKUP($A26,Items!$A$5:$J$1000,5,0)) -> 1 | AA26: =IF(VLOOKUP($A26,Wood!$A$5:$W$1000,16,0)=0," ",VLOOKUP($A26,Wood!$A$5:$W$1000,16,0)) -> 0.1732 | AB26: =IF(VLOOKUP($A26,Wood!$A$5:$W$1000,17,0)=0," ",VLOOKUP($A26,Wood!$A$5:$W$1000,17,0)) -> 0.69376 | AC26: =IF(VLOOKUP($A26,Wood!$A$5:$W$1000,18,0)=0," ",VLOOKUP($A26,Wood!$A$5:$W$1000,18,0)) | AD26: =IF(VLOOKUP($A26,Wood!$A$5:$W$1000,19,0)=0," ",VLOOKUP($A26,Wood!$A$5:$W$1000,19,0)) | AE26: =IF(VLOOKUP($A26,Wood!$A$5:$W$1000,20,0)=0," ",VLOOKUP($A26,Wood!$A$5:$W$1000,20,0)) | AF26: =IF(VLOOKUP($A26,Wood!$A$5:$W$1000,21,0)=0," ",VLOOKUP($A26,Wood!$A$5:$W$1000,21,0)) | AG26: =IF(VLOOKUP($A26,Wood!$A$5:$W$1000,22,0)=0," ",VLOOKUP($A26,Wood!$A$5:$W$1000,22,0)) | AH26: =IF(VLOOKUP($A26,Wood!$A$5:$W$1000,23,0)=0," ",VLOOKUP($A26,Wood!$A$5:$W$1000,23,0)) | AN26: 1 | AO26: n/a | AP26: 0.4 | AR26: 46300 | AS26: =IFERROR(G26-AR26,"") -> 23 | AT26: =NOW()-AR26 -> 14.617591 | AU26: =IFERROR(AVERAGE(J26:N26,AJ26:AP26),"n/a") -> 0.4
A27: 9228 | B27: 15900- Cebu City |Stephanie Sarmiento | C27: 1 UNIT SAUNA ROOM (1414RS-Cedar) w/ complete set of accessories and heater | D27: 0.16 | E27: =C27 -> 1 UNIT SAUNA ROOM (1414RS-Cedar) w/ complete set of accessories and heater | F27: =D27 -> 0.16 | G27: 46323 | H27: PULL-OUT 10/28 | J27: 0 | K27: 1 | L27: 0 | M27: n/a | N27: 0 | O27: 1 | P27: WEEK 44 | R27: =IF(VLOOKUP($A27,Items!$A$5:$J$1000,8,0)=0," ",VLOOKUP($A27,Items!$A$5:$J$1000,8,0)) -> 2 | S27: =IF(VLOOKUP($A27,Items!$A$5:$J$1000,3,0)=0," ",VLOOKUP($A27,Items!$A$5:$J$1000,3,0)) -> 1 | T27: =IF(VLOOKUP($A27,Items!$A$5:$J$1000,7,0)=0," ",VLOOKUP($A27,Items!$A$5:$J$1000,7,0)) -> 7 | U27: =IF(VLOOKUP($A27,Items!$A$5:$J$1000,2,0)=0," ",VLOOKUP($A27,Items!$A$5:$J$1000,2,0)) | V27: =IF(VLOOKUP($A27,Items!$A$5:$J$1000,9,0)=0," ",VLOOKUP($A27,Items!$A$5:$J$1000,9,0)) -> 1 | W27: =IF(VLOOKUP($A27,Items!$A$5:$J$1000,4,0)=0," ",VLOOKUP($A27,Items!$A$5:$J$1000,4,0)) | X27: =IF(VLOOKUP($A27,Items!$A$5:$J$1000,6,0)=0," ",VLOOKUP($A27,Items!$A$5:$J$1000,6,0)) -> 1 | Y27: =IF(VLOOKUP($A27,Items!$A$5:$J$1000,5,0)=0," ",VLOOKUP($A27,Items!$A$5:$J$1000,5,0)) -> 2 | AA27: =IF(VLOOKUP($A27,Wood!$A$5:$W$1000,16,0)=0," ",VLOOKUP($A27,Wood!$A$5:$W$1000,16,0)) | AB27: =IF(VLOOKUP($A27,Wood!$A$5:$W$1000,17,0)=0," ",VLOOKUP($A27,Wood!$A$5:$W$1000,17,0)) | AC27: =IF(VLOOKUP($A27,Wood!$A$5:$W$1000,18,0)=0," ",VLOOKUP($A27,Wood!$A$5:$W$1000,18,0)) | AD27: =IF(VLOOKUP($A27,Wood!$A$5:$W$1000,19,0)=0," ",VLOOKUP($A27,Wood!$A$5:$W$1000,19,0)) | AE27: =IF(VLOOKUP($A27,Wood!$A$5:$W$1000,20,0)=0," ",VLOOKUP($A27,Wood!$A$5:$W$1000,20,0)) | AF27: =IF(VLOOKUP($A27,Wood!$A$5:$W$1000,21,0)=0," ",VLOOKUP($A27,Wood!$A$5:$W$1000,21,0)) | AG27: =IF(VLOOKUP($A27,Wood!$A$5:$W$1000,22,0)=0," ",VLOOKUP($A27,Wood!$A$5:$W$1000,22,0)) | AH27: =IF(VLOOKUP($A27,Wood!$A$5:$W$1000,23,0)=0," ",VLOOKUP($A27,Wood!$A$5:$W$1000,23,0)) | AN27: 1 | AO27: n/a | AP27: 0.4 | AR27: 46307 | AS27: =IFERROR(G27-AR27,"") -> 16 | AT27: =NOW()-AR27 -> 7.6175914 | AU27: =IFERROR(AVERAGE(J27:N27,AJ27:AP27),"n/a") -> 0.4
A28: 9279 | B28: 15900- Iloilo |Rocky Go | C28: 1 UNIT SAUNA ROOM (1515RL-Outdoor Cedar) w/ complete set of accessories and heater | D28: 0.3482 | E28: =C28 -> 1 UNIT SAUNA ROOM (1515RL-Outdoor Cedar) w/ complete set of accessories and heater | F28: =D28 -> 0.3482 | G28: 46323 | H28: PULL-OUT 10/28 | J28: 0 | K28: 0 | L28: 0 | M28: n/a | N28: 0 | O28: 1 | P28: WEEK 44 | R28: =IF(VLOOKUP($A28,Items!$A$5:$J$1000,8,0)=0," ",VLOOKUP($A28,Items!$A$5:$J$1000,8,0)) -> 2 | S28: =IF(VLOOKUP($A28,Items!$A$5:$J$1000,3,0)=0," ",VLOOKUP($A28,Items!$A$5:$J$1000,3,0)) -> 1 | T28: =IF(VLOOKUP($A28,Items!$A$5:$J$1000,7,0)=0," ",VLOOKUP($A28,Items!$A$5:$J$1000,7,0)) -> 14 | U28: =IF(VLOOKUP($A28,Items!$A$5:$J$1000,2,0)=0," ",VLOOKUP($A28,Items!$A$5:$J$1000,2,0)) | V28: =IF(VLOOKUP($A28,Items!$A$5:$J$1000,9,0)=0," ",VLOOKUP($A28,Items!$A$5:$J$1000,9,0)) -> 1 | W28: =IF(VLOOKUP($A28,Items!$A$5:$J$1000,4,0)=0," ",VLOOKUP($A28,Items!$A$5:$J$1000,4,0)) | X28: =IF(VLOOKUP($A28,Items!$A$5:$J$1000,6,0)=0," ",VLOOKUP($A28,Items!$A$5:$J$1000,6,0)) -> 1 | Y28: =IF(VLOOKUP($A28,Items!$A$5:$J$1000,5,0)=0," ",VLOOKUP($A28,Items!$A$5:$J$1000,5,0)) -> 2 | AA28: =IF(VLOOKUP($A28,Wood!$A$5:$W$1000,16,0)=0," ",VLOOKUP($A28,Wood!$A$5:$W$1000,16,0)) | AB28: =IF(VLOOKUP($A28,Wood!$A$5:$W$1000,17,0)=0," ",VLOOKUP($A28,Wood!$A$5:$W$1000,17,0)) | AC28: =IF(VLOOKUP($A28,Wood!$A$5:$W$1000,18,0)=0," ",VLOOKUP($A28,Wood!$A$5:$W$1000,18,0)) | AD28: =IF(VLOOKUP($A28,Wood!$A$5:$W$1000,19,0)=0," ",VLOOKUP($A28,Wood!$A$5:$W$1000,19,0)) | AE28: =IF(VLOOKUP($A28,Wood!$A$5:$W$1000,20,0)=0," ",VLOOKUP($A28,Wood!$A$5:$W$1000,20,0)) | AF28: =IF(VLOOKUP($A28,Wood!$A$5:$W$1000,21,0)=0," ",VLOOKUP($A28,Wood!$A$5:$W$1000,21,0)) | AG28: =IF(VLOOKUP($A28,Wood!$A$5:$W$1000,22,0)=0," ",VLOOKUP($A28,Wood!$A$5:$W$1000,22,0)) | AH28: =IF(VLOOKUP($A28,Wood!$A$5:$W$1000,23,0)=0," ",VLOOKUP($A28,Wood!$A$5:$W$1000,23,0)) | AN28: 0.5 | AO28: n/a | AP28: 0.4 | AR28: 46310 | AS28: =IFERROR(G28-AR28,"") -> 13 | AT28: =NOW()-AR28 -> 4.6175914 | AU28: =IFERROR(AVERAGE(J28:N28,AJ28:AP28),"n/a") -> 0.15
A29: 8964 | B29: 15900- Mandaue Warehouse | C29: HEATER, SPARE PARTS & WOODEN ACCESSORIES | D29: 0.11 | E29: =C29 -> HEATER, SPARE PARTS & WOODEN ACCESSORIES | F29: =D29 -> 0.11 | G29: 46323 | H29: PULL-OUT 10/28 | J29: n/a | K29: 1 | L29: 0 | M29: n/a | N29: n/a | P29: WEEK 44 | R29: =IF(VLOOKUP($A29,Items!$A$5:$J$1000,8,0)=0," ",VLOOKUP($A29,Items!$A$5:$J$1000,8,0)) | S29: =IF(VLOOKUP($A29,Items!$A$5:$J$1000,3,0)=0," ",VLOOKUP($A29,Items!$A$5:$J$1000,3,0)) | T29: =IF(VLOOKUP($A29,Items!$A$5:$J$1000,7,0)=0," ",VLOOKUP($A29,Items!$A$5:$J$1000,7,0)) | U29: =IF(VLOOKUP($A29,Items!$A$5:$J$1000,2,0)=0," ",VLOOKUP($A29,Items!$A$5:$J$1000,2,0)) | V29: =IF(VLOOKUP($A29,Items!$A$5:$J$1000,9,0)=0," ",VLOOKUP($A29,Items!$A$5:$J$1000,9,0)) | W29: =IF(VLOOKUP($A29,Items!$A$5:$J$1000,4,0)=0," ",VLOOKUP($A29,Items!$A$5:$J$1000,4,0)) | X29: =IF(VLOOKUP($A29,Items!$A$5:$J$1000,6,0)=0," ",VLOOKUP($A29,Items!$A$5:$J$1000,6,0)) | Y29: =IF(VLOOKUP($A29,Items!$A$5:$J$1000,5,0)=0," ",VLOOKUP($A29,Items!$A$5:$J$1000,5,0)) | AA29: =IF(VLOOKUP($A29,Wood!$A$5:$W$1000,16,0)=0," ",VLOOKUP($A29,Wood!$A$5:$W$1000,16,0)) | AB29: =IF(VLOOKUP($A29,Wood!$A$5:$W$1000,17,0)=0," ",VLOOKUP($A29,Wood!$A$5:$W$1000,17,0)) | AC29: =IF(VLOOKUP($A29,Wood!$A$5:$W$1000,18,0)=0," ",VLOOKUP($A29,Wood!$A$5:$W$1000,18,0)) | AD29: =IF(VLOOKUP($A29,Wood!$A$5:$W$1000,19,0)=0," ",VLOOKUP($A29,Wood!$A$5:$W$1000,19,0)) | AE29: =IF(VLOOKUP($A29,Wood!$A$5:$W$1000,20,0)=0," ",VLOOKUP($A29,Wood!$A$5:$W$1000,20,0)) | AF29: =IF(VLOOKUP($A29,Wood!$A$5:$W$1000,21,0)=0," ",VLOOKUP($A29,Wood!$A$5:$W$1000,21,0)) | AG29: =IF(VLOOKUP($A29,Wood!$A$5:$W$1000,22,0)=0," ",VLOOKUP($A29,Wood!$A$5:$W$1000,22,0)) | AH29: =IF(VLOOKUP($A29,Wood!$A$5:$W$1000,23,0)=0," ",VLOOKUP($A29,Wood!$A$5:$W$1000,23,0)) | AN29: 1 | AO29: n/a | AP29: n/a | AR29: 46294 | AS29: =IFERROR(G29-AR29,"") -> 29 | AT29: =NOW()-AR29 -> 20.617591 | AU29: =IFERROR(AVERAGE(J29:N29,AJ29:AP29),"n/a") -> 0.66666667
A30: 9023 | B30: 15900- Ubay | Danilo Varela | C30: WOODEN ACCESSORIES | D30: 0.03085 | E30: =C30 -> WOODEN ACCESSORIES | F30: =D30 -> 0.03085 | G30: 46323 | H30: PULL-OUT 10/28 | J30: n/a | K30: n/a | L30: 0 | M30: n/a | N30: n/a | P30: WEEK 44 | R30: =IF(VLOOKUP($A30,Items!$A$5:$J$1000,8,0)=0," ",VLOOKUP($A30,Items!$A$5:$J$1000,8,0)) | S30: =IF(VLOOKUP($A30,Items!$A$5:$J$1000,3,0)=0," ",VLOOKUP($A30,Items!$A$5:$J$1000,3,0)) | T30: =IF(VLOOKUP($A30,Items!$A$5:$J$1000,7,0)=0," ",VLOOKUP($A30,Items!$A$5:$J$1000,7,0)) -> 1 | U30: =IF(VLOOKUP($A30,Items!$A$5:$J$1000,2,0)=0," ",VLOOKUP($A30,Items!$A$5:$J$1000,2,0)) | V30: =IF(VLOOKUP($A30,Items!$A$5:$J$1000,9,0)=0," ",VLOOKUP($A30,Items!$A$5:$J$1000,9,0)) | W30: =IF(VLOOKUP($A30,Items!$A$5:$J$1000,4,0)=0," ",VLOOKUP($A30,Items!$A$5:$J$1000,4,0)) | X30: =IF(VLOOKUP($A30,Items!$A$5:$J$1000,6,0)=0," ",VLOOKUP($A30,Items!$A$5:$J$1000,6,0)) | Y30: =IF(VLOOKUP($A30,Items!$A$5:$J$1000,5,0)=0," ",VLOOKUP($A30,Items!$A$5:$J$1000,5,0)) | AA30: =IF(VLOOKUP($A30,Wood!$A$5:$W$1000,16,0)=0," ",VLOOKUP($A30,Wood!$A$5:$W$1000,16,0)) -> 0.00132 | AB30: =IF(VLOOKUP($A30,Wood!$A$5:$W$1000,17,0)=0," ",VLOOKUP($A30,Wood!$A$5:$W$1000,17,0)) -> 0.00883 | AC30: =IF(VLOOKUP($A30,Wood!$A$5:$W$1000,18,0)=0," ",VLOOKUP($A30,Wood!$A$5:$W$1000,18,0)) | AD30: =IF(VLOOKUP($A30,Wood!$A$5:$W$1000,19,0)=0," ",VLOOKUP($A30,Wood!$A$5:$W$1000,19,0)) | AE30: =IF(VLOOKUP($A30,Wood!$A$5:$W$1000,20,0)=0," ",VLOOKUP($A30,Wood!$A$5:$W$1000,20,0)) | AF30: =IF(VLOOKUP($A30,Wood!$A$5:$W$1000,21,0)=0," ",VLOOKUP($A30,Wood!$A$5:$W$1000,21,0)) | AG30: =IF(VLOOKUP($A30,Wood!$A$5:$W$1000,22,0)=0," ",VLOOKUP($A30,Wood!$A$5:$W$1000,22,0)) | AH30: =IF(VLOOKUP($A30,Wood!$A$5:$W$1000,23,0)=0," ",VLOOKUP($A30,Wood!$A$5:$W$1000,23,0)) | AN30: n/a | AO30: n/a | AP30: n/a | AR30: 46294 | AS30: =IFERROR(G30-AR30,"") -> 29 | AT30: =NOW()-AR30 -> 20.617591 | AU30: =IFERROR(AVERAGE(J30:N30,AJ30:AP30),"n/a") -> 0
A31: 9105 | B31: 15900- Cebu City |Nelsar Alvar | C31: WOODEN ACCESSORIES | D31: 0.0135 | E31: =C31 -> WOODEN ACCESSORIES | F31: =D31 -> 0.0135 | G31: 46323 | H31: PULL-OUT 10/28 | J31: n/a | K31: n/a | L31: 0 | M31: n/a | N31: n/a | P31: WEEK 44 | R31: =IF(VLOOKUP($A31,Items!$A$5:$J$1000,8,0)=0," ",VLOOKUP($A31,Items!$A$5:$J$1000,8,0)) | S31: =IF(VLOOKUP($A31,Items!$A$5:$J$1000,3,0)=0," ",VLOOKUP($A31,Items!$A$5:$J$1000,3,0)) | T31: =IF(VLOOKUP($A31,Items!$A$5:$J$1000,7,0)=0," ",VLOOKUP($A31,Items!$A$5:$J$1000,7,0)) -> 10 | U31: =IF(VLOOKUP($A31,Items!$A$5:$J$1000,2,0)=0," ",VLOOKUP($A31,Items!$A$5:$J$1000,2,0)) | V31: =IF(VLOOKUP($A31,Items!$A$5:$J$1000,9,0)=0," ",VLOOKUP($A31,Items!$A$5:$J$1000,9,0)) | W31: =IF(VLOOKUP($A31,Items!$A$5:$J$1000,4,0)=0," ",VLOOKUP($A31,Items!$A$5:$J$1000,4,0)) | X31: =IF(VLOOKUP($A31,Items!$A$5:$J$1000,6,0)=0," ",VLOOKUP($A31,Items!$A$5:$J$1000,6,0)) | Y31: =IF(VLOOKUP($A31,Items!$A$5:$J$1000,5,0)=0," ",VLOOKUP($A31,Items!$A$5:$J$1000,5,0)) | AA31: =IF(VLOOKUP($A31,Wood!$A$5:$W$1000,16,0)=0," ",VLOOKUP($A31,Wood!$A$5:$W$1000,16,0)) | AB31: =IF(VLOOKUP($A31,Wood!$A$5:$W$1000,17,0)=0," ",VLOOKUP($A31,Wood!$A$5:$W$1000,17,0)) -> 0.0084 | AC31: =IF(VLOOKUP($A31,Wood!$A$5:$W$1000,18,0)=0," ",VLOOKUP($A31,Wood!$A$5:$W$1000,18,0)) | AD31: =IF(VLOOKUP($A31,Wood!$A$5:$W$1000,19,0)=0," ",VLOOKUP($A31,Wood!$A$5:$W$1000,19,0)) | AE31: =IF(VLOOKUP($A31,Wood!$A$5:$W$1000,20,0)=0," ",VLOOKUP($A31,Wood!$A$5:$W$1000,20,0)) | AF31: =IF(VLOOKUP($A31,Wood!$A$5:$W$1000,21,0)=0," ",VLOOKUP($A31,Wood!$A$5:$W$1000,21,0)) | AG31: =IF(VLOOKUP($A31,Wood!$A$5:$W$1000,22,0)=0," ",VLOOKUP($A31,Wood!$A$5:$W$1000,22,0)) | AH31: =IF(VLOOKUP($A31,Wood!$A$5:$W$1000,23,0)=0," ",VLOOKUP($A31,Wood!$A$5:$W$1000,23,0)) | AN31: n/a | AO31: n/a | AP31: n/a | AR31: 46297 | AS31: =IFERROR(G31-AR31,"") -> 26 | AT31: =NOW()-AR31 -> 17.617591 | AU31: =IFERROR(AVERAGE(J31:N31,AJ31:AP31),"n/a") -> 0
A32: 9292 | B32: 15900- Mandaue Warehouse | C32: HEATERS | D32: 0.5146 | E32: =C32 -> HEATERS | F32: =D32 -> 0.5146 | G32: 46323 | H32: PULL-OUT 10/28 | J32: n/a | K32: 0 | L32: n/a | M32: n/a | N32: n/a | P32: WEEK 44 | R32: =IF(VLOOKUP($A32,Items!$A$5:$J$1000,8,0)=0," ",VLOOKUP($A32,Items!$A$5:$J$1000,8,0)) | S32: =IF(VLOOKUP($A32,Items!$A$5:$J$1000,3,0)=0," ",VLOOKUP($A32,Items!$A$5:$J$1000,3,0)) -> 7 | T32: =IF(VLOOKUP($A32,Items!$A$5:$J$1000,7,0)=0," ",VLOOKUP($A32,Items!$A$5:$J$1000,7,0)) | U32: =IF(VLOOKUP($A32,Items!$A$5:$J$1000,2,0)=0," ",VLOOKUP($A32,Items!$A$5:$J$1000,2,0)) | V32: =IF(VLOOKUP($A32,Items!$A$5:$J$1000,9,0)=0," ",VLOOKUP($A32,Items!$A$5:$J$1000,9,0)) | W32: =IF(VLOOKUP($A32,Items!$A$5:$J$1000,4,0)=0," ",VLOOKUP($A32,Items!$A$5:$J$1000,4,0)) | X32: =IF(VLOOKUP($A32,Items!$A$5:$J$1000,6,0)=0," ",VLOOKUP($A32,Items!$A$5:$J$1000,6,0)) | Y32: =IF(VLOOKUP($A32,Items!$A$5:$J$1000,5,0)=0," ",VLOOKUP($A32,Items!$A$5:$J$1000,5,0)) | AA32: =IF(VLOOKUP($A32,Wood!$A$5:$W$1000,16,0)=0," ",VLOOKUP($A32,Wood!$A$5:$W$1000,16,0)) | AB32: =IF(VLOOKUP($A32,Wood!$A$5:$W$1000,17,0)=0," ",VLOOKUP($A32,Wood!$A$5:$W$1000,17,0)) | AC32: =IF(VLOOKUP($A32,Wood!$A$5:$W$1000,18,0)=0," ",VLOOKUP($A32,Wood!$A$5:$W$1000,18,0)) | AD32: =IF(VLOOKUP($A32,Wood!$A$5:$W$1000,19,0)=0," ",VLOOKUP($A32,Wood!$A$5:$W$1000,19,0)) | AE32: =IF(VLOOKUP($A32,Wood!$A$5:$W$1000,20,0)=0," ",VLOOKUP($A32,Wood!$A$5:$W$1000,20,0)) | AF32: =IF(VLOOKUP($A32,Wood!$A$5:$W$1000,21,0)=0," ",VLOOKUP($A32,Wood!$A$5:$W$1000,21,0)) | AG32: =IF(VLOOKUP($A32,Wood!$A$5:$W$1000,22,0)=0," ",VLOOKUP($A32,Wood!$A$5:$W$1000,22,0)) | AH32: =IF(VLOOKUP($A32,Wood!$A$5:$W$1000,23,0)=0," ",VLOOKUP($A32,Wood!$A$5:$W$1000,23,0)) | AN32: 0 | AO32: n/a | AP32: n/a | AR32: 46310 | AS32: =IFERROR(G32-AR32,"") -> 13 | AT32: =NOW()-AR32 -> 4.6175914 | AU32: =IFERROR(AVERAGE(J32:N32,AJ32:AP32),"n/a") -> 0
A33: 9116 | B33: 15900- Dagupan City |Kerwin Fernandez | C33: 1 UNIT SAUNA ROOM (1722RSC-Hemlock) w/ complete set of accessories and heater | D33: 0.17 | E33: =C33 -> 1 UNIT SAUNA ROOM (1722RSC-Hemlock) w/ complete set of accessories and heater | F33: =D33 -> 0.17 | G33: 46323 | H33: PULL-OUT 10/28 | I33: 1X20 | J33: 0 | K33: 1 | L33: 0 | M33: n/a | N33: 0 | O33: 1 | P33: WEEK 44 | R33: =IF(VLOOKUP($A33,Items!$A$5:$J$1000,8,0)=0," ",VLOOKUP($A33,Items!$A$5:$J$1000,8,0)) -> 2 | S33: =IF(VLOOKUP($A33,Items!$A$5:$J$1000,3,0)=0," ",VLOOKUP($A33,Items!$A$5:$J$1000,3,0)) -> 1 | T33: =IF(VLOOKUP($A33,Items!$A$5:$J$1000,7,0)=0," ",VLOOKUP($A33,Items!$A$5:$J$1000,7,0)) -> 7 | U33: =IF(VLOOKUP($A33,Items!$A$5:$J$1000,2,0)=0," ",VLOOKUP($A33,Items!$A$5:$J$1000,2,0)) | V33: =IF(VLOOKUP($A33,Items!$A$5:$J$1000,9,0)=0," ",VLOOKUP($A33,Items!$A$5:$J$1000,9,0)) -> 1 | W33: =IF(VLOOKUP($A33,Items!$A$5:$J$1000,4,0)=0," ",VLOOKUP($A33,Items!$A$5:$J$1000,4,0)) | X33: =IF(VLOOKUP($A33,Items!$A$5:$J$1000,6,0)=0," ",VLOOKUP($A33,Items!$A$5:$J$1000,6,0)) -> 1 | Y33: =IF(VLOOKUP($A33,Items!$A$5:$J$1000,5,0)=0," ",VLOOKUP($A33,Items!$A$5:$J$1000,5,0)) -> 2 | AA33: =IF(VLOOKUP($A33,Wood!$A$5:$W$1000,16,0)=0," ",VLOOKUP($A33,Wood!$A$5:$W$1000,16,0)) -> 0.17308 | AB33: =IF(VLOOKUP($A33,Wood!$A$5:$W$1000,17,0)=0," ",VLOOKUP($A33,Wood!$A$5:$W$1000,17,0)) -> 0.71924 | AC33: =IF(VLOOKUP($A33,Wood!$A$5:$W$1000,18,0)=0," ",VLOOKUP($A33,Wood!$A$5:$W$1000,18,0)) | AD33: =IF(VLOOKUP($A33,Wood!$A$5:$W$1000,19,0)=0," ",VLOOKUP($A33,Wood!$A$5:$W$1000,19,0)) | AE33: =IF(VLOOKUP($A33,Wood!$A$5:$W$1000,20,0)=0," ",VLOOKUP($A33,Wood!$A$5:$W$1000,20,0)) | AF33: =IF(VLOOKUP($A33,Wood!$A$5:$W$1000,21,0)=0," ",VLOOKUP($A33,Wood!$A$5:$W$1000,21,0)) | AG33: =IF(VLOOKUP($A33,Wood!$A$5:$W$1000,22,0)=0," ",VLOOKUP($A33,Wood!$A$5:$W$1000,22,0)) | AH33: =IF(VLOOKUP($A33,Wood!$A$5:$W$1000,23,0)=0," ",VLOOKUP($A33,Wood!$A$5:$W$1000,23,0)) | AN33: 1 | AO33: n/a | AP33: 0 | AR33: 46297 | AS33: =IFERROR(G33-AR33,"") -> 26 | AT33: =NOW()-AR33 -> 17.617591 | AU33: =IFERROR(AVERAGE(J33:N33,AJ33:AP33),"n/a") -> 0.33333333
A34: 9247 | B34: 15900- Batangas City |Angela Joy Medes Mandigma | C34: 1 UNIT SAUNA ROOM (1618ML-Cedar) w/ complete set of accessories and heater | D34: 0.188 | E34: =C34 -> 1 UNIT SAUNA ROOM (1618ML-Cedar) w/ complete set of accessories and heater | F34: =D34 -> 0.188 | G34: 46323 | H34: PULL-OUT 10/28 | J34: 0 | K34: 0 | L34: 0 | M34: n/a | N34: 0 | O34: 1 | P34: WEEK 44 | R34: =IF(VLOOKUP($A34,Items!$A$5:$J$1000,8,0)=0," ",VLOOKUP($A34,Items!$A$5:$J$1000,8,0)) -> 2 | S34: =IF(VLOOKUP($A34,Items!$A$5:$J$1000,3,0)=0," ",VLOOKUP($A34,Items!$A$5:$J$1000,3,0)) -> 1 | T34: =IF(VLOOKUP($A34,Items!$A$5:$J$1000,7,0)=0," ",VLOOKUP($A34,Items!$A$5:$J$1000,7,0)) -> 8 | U34: =IF(VLOOKUP($A34,Items!$A$5:$J$1000,2,0)=0," ",VLOOKUP($A34,Items!$A$5:$J$1000,2,0)) | V34: =IF(VLOOKUP($A34,Items!$A$5:$J$1000,9,0)=0," ",VLOOKUP($A34,Items!$A$5:$J$1000,9,0)) -> 1 | W34: =IF(VLOOKUP($A34,Items!$A$5:$J$1000,4,0)=0," ",VLOOKUP($A34,Items!$A$5:$J$1000,4,0)) | X34: =IF(VLOOKUP($A34,Items!$A$5:$J$1000,6,0)=0," ",VLOOKUP($A34,Items!$A$5:$J$1000,6,0)) -> 1 | Y34: =IF(VLOOKUP($A34,Items!$A$5:$J$1000,5,0)=0," ",VLOOKUP($A34,Items!$A$5:$J$1000,5,0)) -> 1 | AA34: =IF(VLOOKUP($A34,Wood!$A$5:$W$1000,16,0)=0," ",VLOOKUP($A34,Wood!$A$5:$W$1000,16,0)) | AB34: =IF(VLOOKUP($A34,Wood!$A$5:$W$1000,17,0)=0," ",VLOOKUP($A34,Wood!$A$5:$W$1000,17,0)) | AC34: =IF(VLOOKUP($A34,Wood!$A$5:$W$1000,18,0)=0," ",VLOOKUP($A34,Wood!$A$5:$W$1000,18,0)) | AD34: =IF(VLOOKUP($A34,Wood!$A$5:$W$1000,19,0)=0," ",VLOOKUP($A34,Wood!$A$5:$W$1000,19,0)) | AE34: =IF(VLOOKUP($A34,Wood!$A$5:$W$1000,20,0)=0," ",VLOOKUP($A34,Wood!$A$5:$W$1000,20,0)) | AF34: =IF(VLOOKUP($A34,Wood!$A$5:$W$1000,21,0)=0," ",VLOOKUP($A34,Wood!$A$5:$W$1000,21,0)) | AG34: =IF(VLOOKUP($A34,Wood!$A$5:$W$1000,22,0)=0," ",VLOOKUP($A34,Wood!$A$5:$W$1000,22,0)) | AH34: =IF(VLOOKUP($A34,Wood!$A$5:$W$1000,23,0)=0," ",VLOOKUP($A34,Wood!$A$5:$W$1000,23,0)) | AN34: 0 | AO34: n/a | AP34: 0 | AR34: 46307 | AS34: =IFERROR(G34-AR34,"") -> 16 | AT34: =NOW()-AR34 -> 7.6175914 | AU34: =IFERROR(AVERAGE(J34:N34,AJ34:AP34),"n/a") -> 0
A35: 9302 | B35: 15900- Binangonan Rizal |Dr. Jonathan Emmanuel Sandejas | C35: 1 UNIT SAUNA ROOM (1618LS-Cedar) w/ complete set of accessories and heater | D35: 0.145 | E35: =C35 -> 1 UNIT SAUNA ROOM (1618LS-Cedar) w/ complete set of accessories and heater | F35: =D35 -> 0.145 | G35: 46323 | H35: PULL-OUT 10/28 | J35: 0 | K35: 0 | L35: 0 | M35: n/a | N35: 0 | O35: 1 | P35: WEEK 44 | R35: =IF(VLOOKUP($A35,Items!$A$5:$J$1000,8,0)=0," ",VLOOKUP($A35,Items!$A$5:$J$1000,8,0)) -> 2 | S35: =IF(VLOOKUP($A35,Items!$A$5:$J$1000,3,0)=0," ",VLOOKUP($A35,Items!$A$5:$J$1000,3,0)) -> 1 | T35: =IF(VLOOKUP($A35,Items!$A$5:$J$1000,7,0)=0," ",VLOOKUP($A35,Items!$A$5:$J$1000,7,0)) -> 7 | U35: =IF(VLOOKUP($A35,Items!$A$5:$J$1000,2,0)=0," ",VLOOKUP($A35,Items!$A$5:$J$1000,2,0)) | V35: =IF(VLOOKUP($A35,Items!$A$5:$J$1000,9,0)=0," ",VLOOKUP($A35,Items!$A$5:$J$1000,9,0)) -> 1 | W35: =IF(VLOOKUP($A35,Items!$A$5:$J$1000,4,0)=0," ",VLOOKUP($A35,Items!$A$5:$J$1000,4,0)) | X35: =IF(VLOOKUP($A35,Items!$A$5:$J$1000,6,0)=0," ",VLOOKUP($A35,Items!$A$5:$J$1000,6,0)) -> 1 | Y35: =IF(VLOOKUP($A35,Items!$A$5:$J$1000,5,0)=0," ",VLOOKUP($A35,Items!$A$5:$J$1000,5,0)) -> 1 | AA35: =IF(VLOOKUP($A35,Wood!$A$5:$W$1000,16,0)=0," ",VLOOKUP($A35,Wood!$A$5:$W$1000,16,0)) | AB35: =IF(VLOOKUP($A35,Wood!$A$5:$W$1000,17,0)=0," ",VLOOKUP($A35,Wood!$A$5:$W$1000,17,0)) | AC35: =IF(VLOOKUP($A35,Wood!$A$5:$W$1000,18,0)=0," ",VLOOKUP($A35,Wood!$A$5:$W$1000,18,0)) | AD35: =IF(VLOOKUP($A35,Wood!$A$5:$W$1000,19,0)=0," ",VLOOKUP($A35,Wood!$A$5:$W$1000,19,0)) | AE35: =IF(VLOOKUP($A35,Wood!$A$5:$W$1000,20,0)=0," ",VLOOKUP($A35,Wood!$A$5:$W$1000,20,0)) | AF35: =IF(VLOOKUP($A35,Wood!$A$5:$W$1000,21,0)=0," ",VLOOKUP($A35,Wood!$A$5:$W$1000,21,0)) | AG35: =IF(VLOOKUP($A35,Wood!$A$5:$W$1000,22,0)=0," ",VLOOKUP($A35,Wood!$A$5:$W$1000,22,0)) | AH35: =IF(VLOOKUP($A35,Wood!$A$5:$W$1000,23,0)=0," ",VLOOKUP($A35,Wood!$A$5:$W$1000,23,0)) | AN35: 0 | AO35: n/a | AP35: 0 | AR35: 46310 | AS35: =IFERROR(G35-AR35,"") -> 13 | AT35: =NOW()-AR35 -> 4.6175914 | AU35: =IFERROR(AVERAGE(J35:N35,AJ35:AP35),"n/a") -> 0
A36: 8954 | B36: 15900- Cainta Rizal | Mary Baquiran | C36: SPARE PARTS | D36: 0 | E36: SPARE PARTS | F36: 0.0065 | G36: 46323 | H36: PULL-OUT 10/28 | J36: n/a | K36: n/a | L36: n/a | M36: n/a | N36: 0 | P36: WEEK 44 | R36: =IF(VLOOKUP($A36,Items!$A$5:$J$1000,8,0)=0," ",VLOOKUP($A36,Items!$A$5:$J$1000,8,0)) | S36: =IF(VLOOKUP($A36,Items!$A$5:$J$1000,3,0)=0," ",VLOOKUP($A36,Items!$A$5:$J$1000,3,0)) | T36: =IF(VLOOKUP($A36,Items!$A$5:$J$1000,7,0)=0," ",VLOOKUP($A36,Items!$A$5:$J$1000,7,0)) | U36: =IF(VLOOKUP($A36,Items!$A$5:$J$1000,2,0)=0," ",VLOOKUP($A36,Items!$A$5:$J$1000,2,0)) | V36: =IF(VLOOKUP($A36,Items!$A$5:$J$1000,9,0)=0," ",VLOOKUP($A36,Items!$A$5:$J$1000,9,0)) | W36: =IF(VLOOKUP($A36,Items!$A$5:$J$1000,4,0)=0," ",VLOOKUP($A36,Items!$A$5:$J$1000,4,0)) | X36: =IF(VLOOKUP($A36,Items!$A$5:$J$1000,6,0)=0," ",VLOOKUP($A36,Items!$A$5:$J$1000,6,0)) | Y36: =IF(VLOOKUP($A36,Items!$A$5:$J$1000,5,0)=0," ",VLOOKUP($A36,Items!$A$5:$J$1000,5,0)) | AA36: =IF(VLOOKUP($A36,Wood!$A$5:$W$1000,16,0)=0," ",VLOOKUP($A36,Wood!$A$5:$W$1000,16,0)) | AB36: =IF(VLOOKUP($A36,Wood!$A$5:$W$1000,17,0)=0," ",VLOOKUP($A36,Wood!$A$5:$W$1000,17,0)) | AC36: =IF(VLOOKUP($A36,Wood!$A$5:$W$1000,18,0)=0," ",VLOOKUP($A36,Wood!$A$5:$W$1000,18,0)) | AD36: =IF(VLOOKUP($A36,Wood!$A$5:$W$1000,19,0)=0," ",VLOOKUP($A36,Wood!$A$5:$W$1000,19,0)) | AE36: =IF(VLOOKUP($A36,Wood!$A$5:$W$1000,20,0)=0," ",VLOOKUP($A36,Wood!$A$5:$W$1000,20,0)) | AF36: =IF(VLOOKUP($A36,Wood!$A$5:$W$1000,21,0)=0," ",VLOOKUP($A36,Wood!$A$5:$W$1000,21,0)) | AG36: =IF(VLOOKUP($A36,Wood!$A$5:$W$1000,22,0)=0," ",VLOOKUP($A36,Wood!$A$5:$W$1000,22,0)) | AH36: =IF(VLOOKUP($A36,Wood!$A$5:$W$1000,23,0)=0," ",VLOOKUP($A36,Wood!$A$5:$W$1000,23,0)) | AN36: n/a | AO36: n/a | AP36: 0 | AR36: 46288 | AS36: =IFERROR(G36-AR36,"") -> 35 | AT36: =NOW()-AR36 -> 26.617591 | AU36: =IFERROR(AVERAGE(J36:N36,AJ36:AP36),"n/a") -> 0
A37: 9064 | B37: 15900- Quezon City | Hans Jason Tan | C37: SPARE PARTS | D37: 0 | E37: HEATER GUARD | F37: 0.0065 | G37: 46323 | H37: PULL-OUT 10/28 | J37: n/a | K37: n/a | L37: 0 | M37: n/a | N37: n/a | P37: WEEK 44 | R37: =IF(VLOOKUP($A37,Items!$A$5:$J$1000,8,0)=0," ",VLOOKUP($A37,Items!$A$5:$J$1000,8,0)) | S37: =IF(VLOOKUP($A37,Items!$A$5:$J$1000,3,0)=0," ",VLOOKUP($A37,Items!$A$5:$J$1000,3,0)) | T37: =IF(VLOOKUP($A37,Items!$A$5:$J$1000,7,0)=0," ",VLOOKUP($A37,Items!$A$5:$J$1000,7,0)) | U37: =IF(VLOOKUP($A37,Items!$A$5:$J$1000,2,0)=0," ",VLOOKUP($A37,Items!$A$5:$J$1000,2,0)) | V37: =IF(VLOOKUP($A37,Items!$A$5:$J$1000,9,0)=0," ",VLOOKUP($A37,Items!$A$5:$J$1000,9,0)) | W37: =IF(VLOOKUP($A37,Items!$A$5:$J$1000,4,0)=0," ",VLOOKUP($A37,Items!$A$5:$J$1000,4,0)) | X37: =IF(VLOOKUP($A37,Items!$A$5:$J$1000,6,0)=0," ",VLOOKUP($A37,Items!$A$5:$J$1000,6,0)) | Y37: =IF(VLOOKUP($A37,Items!$A$5:$J$1000,5,0)=0," ",VLOOKUP($A37,Items!$A$5:$J$1000,5,0)) | AA37: =IF(VLOOKUP($A37,Wood!$A$5:$W$1000,16,0)=0," ",VLOOKUP($A37,Wood!$A$5:$W$1000,16,0)) | AB37: =IF(VLOOKUP($A37,Wood!$A$5:$W$1000,17,0)=0," ",VLOOKUP($A37,Wood!$A$5:$W$1000,17,0)) | AC37: =IF(VLOOKUP($A37,Wood!$A$5:$W$1000,18,0)=0," ",VLOOKUP($A37,Wood!$A$5:$W$1000,18,0)) | AD37: =IF(VLOOKUP($A37,Wood!$A$5:$W$1000,19,0)=0," ",VLOOKUP($A37,Wood!$A$5:$W$1000,19,0)) | AE37: =IF(VLOOKUP($A37,Wood!$A$5:$W$1000,20,0)=0," ",VLOOKUP($A37,Wood!$A$5:$W$1000,20,0)) | AF37: =IF(VLOOKUP($A37,Wood!$A$5:$W$1000,21,0)=0," ",VLOOKUP($A37,Wood!$A$5:$W$1000,21,0)) | AG37: =IF(VLOOKUP($A37,Wood!$A$5:$W$1000,22,0)=0," ",VLOOKUP($A37,Wood!$A$5:$W$1000,22,0)) | AH37: =IF(VLOOKUP($A37,Wood!$A$5:$W$1000,23,0)=0," ",VLOOKUP($A37,Wood!$A$5:$W$1000,23,0)) | AN37: n/a | AO37: n/a | AP37: n/a | AR37: 46295 | AS37: =IFERROR(G37-AR37,"") -> 28 | AT37: =NOW()-AR37 -> 19.617591 | AU37: =IFERROR(AVERAGE(J37:N37,AJ37:AP37),"n/a") -> 0
A38: 9065 | B38: 15900- Cavite | Kristine Austria | C38: SPARE PARTS | D38: 0 | E38: =C38 -> SPARE PARTS | F38: =D38 -> 0 | G38: 46323 | H38: PULL-OUT 10/28 | J38: n/a | K38: n/a | L38: n/a | M38: n/a | N38: 0 | P38: WEEK 44 | R38: =IF(VLOOKUP($A38,Items!$A$5:$J$1000,8,0)=0," ",VLOOKUP($A38,Items!$A$5:$J$1000,8,0)) | S38: =IF(VLOOKUP($A38,Items!$A$5:$J$1000,3,0)=0," ",VLOOKUP($A38,Items!$A$5:$J$1000,3,0)) | T38: =IF(VLOOKUP($A38,Items!$A$5:$J$1000,7,0)=0," ",VLOOKUP($A38,Items!$A$5:$J$1000,7,0)) | U38: =IF(VLOOKUP($A38,Items!$A$5:$J$1000,2,0)=0," ",VLOOKUP($A38,Items!$A$5:$J$1000,2,0)) | V38: =IF(VLOOKUP($A38,Items!$A$5:$J$1000,9,0)=0," ",VLOOKUP($A38,Items!$A$5:$J$1000,9,0)) | W38: =IF(VLOOKUP($A38,Items!$A$5:$J$1000,4,0)=0," ",VLOOKUP($A38,Items!$A$5:$J$1000,4,0)) | X38: =IF(VLOOKUP($A38,Items!$A$5:$J$1000,6,0)=0," ",VLOOKUP($A38,Items!$A$5:$J$1000,6,0)) -> 1 | Y38: =IF(VLOOKUP($A38,Items!$A$5:$J$1000,5,0)=0," ",VLOOKUP($A38,Items!$A$5:$J$1000,5,0)) | AA38: =IF(VLOOKUP($A38,Wood!$A$5:$W$1000,16,0)=0," ",VLOOKUP($A38,Wood!$A$5:$W$1000,16,0)) | AB38: =IF(VLOOKUP($A38,Wood!$A$5:$W$1000,17,0)=0," ",VLOOKUP($A38,Wood!$A$5:$W$1000,17,0)) | AC38: =IF(VLOOKUP($A38,Wood!$A$5:$W$1000,18,0)=0," ",VLOOKUP($A38,Wood!$A$5:$W$1000,18,0)) | AD38: =IF(VLOOKUP($A38,Wood!$A$5:$W$1000,19,0)=0," ",VLOOKUP($A38,Wood!$A$5:$W$1000,19,0)) | AE38: =IF(VLOOKUP($A38,Wood!$A$5:$W$1000,20,0)=0," ",VLOOKUP($A38,Wood!$A$5:$W$1000,20,0)) | AF38: =IF(VLOOKUP($A38,Wood!$A$5:$W$1000,21,0)=0," ",VLOOKUP($A38,Wood!$A$5:$W$1000,21,0)) | AG38: =IF(VLOOKUP($A38,Wood!$A$5:$W$1000,22,0)=0," ",VLOOKUP($A38,Wood!$A$5:$W$1000,22,0)) | AH38: =IF(VLOOKUP($A38,Wood!$A$5:$W$1000,23,0)=0," ",VLOOKUP($A38,Wood!$A$5:$W$1000,23,0)) | AN38: n/a | AO38: n/a | AP38: 0 | AR38: 46295 | AS38: =IFERROR(G38-AR38,"") -> 28 | AT38: =NOW()-AR38 -> 19.617591 | AU38: =IFERROR(AVERAGE(J38:N38,AJ38:AP38),"n/a") -> 0
A39: 9303 | B39: 15900- Manila Office Stocking | C39: SPARE PARTS & R-990-N | D39: 0.637 | E39: =C39 -> SPARE PARTS & R-990-N | F39: =D39 -> 0.637 | G39: 46323 | H39: PULL-OUT 10/28 | J39: n/a | K39: 0 | L39: n/a | M39: n/a | N39: n/a | P39: WEEK 44 | R39: =IF(VLOOKUP($A39,Items!$A$5:$J$1000,8,0)=0," ",VLOOKUP($A39,Items!$A$5:$J$1000,8,0)) | S39: =IF(VLOOKUP($A39,Items!$A$5:$J$1000,3,0)=0," ",VLOOKUP($A39,Items!$A$5:$J$1000,3,0)) | T39: =IF(VLOOKUP($A39,Items!$A$5:$J$1000,7,0)=0," ",VLOOKUP($A39,Items!$A$5:$J$1000,7,0)) | U39: =IF(VLOOKUP($A39,Items!$A$5:$J$1000,2,0)=0," ",VLOOKUP($A39,Items!$A$5:$J$1000,2,0)) | V39: =IF(VLOOKUP($A39,Items!$A$5:$J$1000,9,0)=0," ",VLOOKUP($A39,Items!$A$5:$J$1000,9,0)) | W39: =IF(VLOOKUP($A39,Items!$A$5:$J$1000,4,0)=0," ",VLOOKUP($A39,Items!$A$5:$J$1000,4,0)) | X39: =IF(VLOOKUP($A39,Items!$A$5:$J$1000,6,0)=0," ",VLOOKUP($A39,Items!$A$5:$J$1000,6,0)) -> 40 | Y39: =IF(VLOOKUP($A39,Items!$A$5:$J$1000,5,0)=0," ",VLOOKUP($A39,Items!$A$5:$J$1000,5,0)) -> 30 | AA39: =IF(VLOOKUP($A39,Wood!$A$5:$W$1000,16,0)=0," ",VLOOKUP($A39,Wood!$A$5:$W$1000,16,0)) | AB39: =IF(VLOOKUP($A39,Wood!$A$5:$W$1000,17,0)=0," ",VLOOKUP($A39,Wood!$A$5:$W$1000,17,0)) | AC39: =IF(VLOOKUP($A39,Wood!$A$5:$W$1000,18,0)=0," ",VLOOKUP($A39,Wood!$A$5:$W$1000,18,0)) | AD39: =IF(VLOOKUP($A39,Wood!$A$5:$W$1000,19,0)=0," ",VLOOKUP($A39,Wood!$A$5:$W$1000,19,0)) | AE39: =IF(VLOOKUP($A39,Wood!$A$5:$W$1000,20,0)=0," ",VLOOKUP($A39,Wood!$A$5:$W$1000,20,0)) | AF39: =IF(VLOOKUP($A39,Wood!$A$5:$W$1000,21,0)=0," ",VLOOKUP($A39,Wood!$A$5:$W$1000,21,0)) | AG39: =IF(VLOOKUP($A39,Wood!$A$5:$W$1000,22,0)=0," ",VLOOKUP($A39,Wood!$A$5:$W$1000,22,0)) | AH39: =IF(VLOOKUP($A39,Wood!$A$5:$W$1000,23,0)=0," ",VLOOKUP($A39,Wood!$A$5:$W$1000,23,0)) | AN39: n/a | AO39: n/a | AP39: n/a | AR39: 46310 | AS39: =IFERROR(G39-AR39,"") -> 13 | AT39: =NOW()-AR39 -> 4.6175914 | AU39: =IFERROR(AVERAGE(J39:N39,AJ39:AP39),"n/a") -> 0
A40: 9204 | B40: 2300-HONGKONG | C40: IR-PANEL-1-D | D40: 3.1 | E40: =C40 -> IR-PANEL-1-D | F40: =D40 -> 3.1 | G40: 46324 | J40: n/a | K40: n/a | L40: 0 | M40: n/a | N40: n/a | P40: WEEK 44 | R40: =IF(VLOOKUP($A40,Items!$A$5:$J$1000,8,0)=0," ",VLOOKUP($A40,Items!$A$5:$J$1000,8,0)) | S40: =IF(VLOOKUP($A40,Items!$A$5:$J$1000,3,0)=0," ",VLOOKUP($A40,Items!$A$5:$J$1000,3,0)) | T40: =IF(VLOOKUP($A40,Items!$A$5:$J$1000,7,0)=0," ",VLOOKUP($A40,Items!$A$5:$J$1000,7,0)) -> 200 | U40: =IF(VLOOKUP($A40,Items!$A$5:$J$1000,2,0)=0," ",VLOOKUP($A40,Items!$A$5:$J$1000,2,0)) | V40: =IF(VLOOKUP($A40,Items!$A$5:$J$1000,9,0)=0," ",VLOOKUP($A40,Items!$A$5:$J$1000,9,0)) | W40: =IF(VLOOKUP($A40,Items!$A$5:$J$1000,4,0)=0," ",VLOOKUP($A40,Items!$A$5:$J$1000,4,0)) | X40: =IF(VLOOKUP($A40,Items!$A$5:$J$1000,6,0)=0," ",VLOOKUP($A40,Items!$A$5:$J$1000,6,0)) | Y40: =IF(VLOOKUP($A40,Items!$A$5:$J$1000,5,0)=0," ",VLOOKUP($A40,Items!$A$5:$J$1000,5,0)) | AA40: =IF(VLOOKUP($A40,Wood!$A$5:$W$1000,16,0)=0," ",VLOOKUP($A40,Wood!$A$5:$W$1000,16,0)) | AB40: =IF(VLOOKUP($A40,Wood!$A$5:$W$1000,17,0)=0," ",VLOOKUP($A40,Wood!$A$5:$W$1000,17,0)) | AC40: =IF(VLOOKUP($A40,Wood!$A$5:$W$1000,18,0)=0," ",VLOOKUP($A40,Wood!$A$5:$W$1000,18,0)) | AD40: =IF(VLOOKUP($A40,Wood!$A$5:$W$1000,19,0)=0," ",VLOOKUP($A40,Wood!$A$5:$W$1000,19,0)) | AE40: =IF(VLOOKUP($A40,Wood!$A$5:$W$1000,20,0)=0," ",VLOOKUP($A40,Wood!$A$5:$W$1000,20,0)) | AF40: =IF(VLOOKUP($A40,Wood!$A$5:$W$1000,21,0)=0," ",VLOOKUP($A40,Wood!$A$5:$W$1000,21,0)) | AG40: =IF(VLOOKUP($A40,Wood!$A$5:$W$1000,22,0)=0," ",VLOOKUP($A40,Wood!$A$5:$W$1000,22,0)) | AH40: =IF(VLOOKUP($A40,Wood!$A$5:$W$1000,23,0)=0," ",VLOOKUP($A40,Wood!$A$5:$W$1000,23,0)) | AN40: n/a | AO40: n/a | AP40: n/a | AR40: 46310 | AS40: =IFERROR(G40-AR40,"") -> 14 | AT40: =NOW()-AR40 -> 4.6175914 | AU40: =IFERROR(AVERAGE(J40:N40,AJ40:AP40),"n/a") -> 0
A41: 9005 | B41: 28100-AUSTRIA HARVIA | C41: WOODEN ACCESSORIES | D41: 44.15 | E41: =C41 -> WOODEN ACCESSORIES | F41: =D41 -> 44.15 | G41: 46325 | H41: note: all woods need fumigation - 10/30 | I41: 1X20 | J41: n/a | K41: n/a | L41: 0 | M41: n/a | N41: n/a | P41: WEEK 44 | Q41: 2 | R41: =IF(VLOOKUP($A41,Items!$A$5:$J$1000,8,0)=0," ",VLOOKUP($A41,Items!$A$5:$J$1000,8,0)) | S41: =IF(VLOOKUP($A41,Items!$A$5:$J$1000,3,0)=0," ",VLOOKUP($A41,Items!$A$5:$J$1000,3,0)) | T41: =IF(VLOOKUP($A41,Items!$A$5:$J$1000,7,0)=0," ",VLOOKUP($A41,Items!$A$5:$J$1000,7,0)) -> 8600 | U41: =IF(VLOOKUP($A41,Items!$A$5:$J$1000,2,0)=0," ",VLOOKUP($A41,Items!$A$5:$J$1000,2,0)) | V41: =IF(VLOOKUP($A41,Items!$A$5:$J$1000,9,0)=0," ",VLOOKUP($A41,Items!$A$5:$J$1000,9,0)) | W41: =IF(VLOOKUP($A41,Items!$A$5:$J$1000,4,0)=0," ",VLOOKUP($A41,Items!$A$5:$J$1000,4,0)) | X41: =IF(VLOOKUP($A41,Items!$A$5:$J$1000,6,0)=0," ",VLOOKUP($A41,Items!$A$5:$J$1000,6,0)) | Y41: =IF(VLOOKUP($A41,Items!$A$5:$J$1000,5,0)=0," ",VLOOKUP($A41,Items!$A$5:$J$1000,5,0)) | AA41: =IF(VLOOKUP($A41,Wood!$A$5:$W$1000,16,0)=0," ",VLOOKUP($A41,Wood!$A$5:$W$1000,16,0)) | AB41: =IF(VLOOKUP($A41,Wood!$A$5:$W$1000,17,0)=0," ",VLOOKUP($A41,Wood!$A$5:$W$1000,17,0)) -> 1.044 | AC41: =IF(VLOOKUP($A41,Wood!$A$5:$W$1000,18,0)=0," ",VLOOKUP($A41,Wood!$A$5:$W$1000,18,0)) -> 0.608 | AD41: =IF(VLOOKUP($A41,Wood!$A$5:$W$1000,19,0)=0," ",VLOOKUP($A41,Wood!$A$5:$W$1000,19,0)) -> 5.492 | AE41: =IF(VLOOKUP($A41,Wood!$A$5:$W$1000,20,0)=0," ",VLOOKUP($A41,Wood!$A$5:$W$1000,20,0)) | AF41: =IF(VLOOKUP($A41,Wood!$A$5:$W$1000,21,0)=0," ",VLOOKUP($A41,Wood!$A$5:$W$1000,21,0)) -> 0.84649 | AG41: =IF(VLOOKUP($A41,Wood!$A$5:$W$1000,22,0)=0," ",VLOOKUP($A41,Wood!$A$5:$W$1000,22,0)) -> 0.072 | AH41: =IF(VLOOKUP($A41,Wood!$A$5:$W$1000,23,0)=0," ",VLOOKUP($A41,Wood!$A$5:$W$1000,23,0)) | AN41: n/a | AO41: n/a | AP41: n/a | AR41: 46293 | AS41: =IFERROR(G41-AR41,"") -> 32 | AT41: =NOW()-AR41 -> 21.617591 | AU41: =IFERROR(AVERAGE(J41:N41,AJ41:AP41),"n/a") -> 0
A42: 8952 | B42: 41300-CANADA SAUNAFIN | C42: WOODEN ACCESSORIES & DOORS | D42: 70.45 | E42: =C42 -> WOODEN ACCESSORIES & DOORS | F42: =D42 -> 70.45 | G42: 46332 | H42: note: all woods need fumigation - 11/6 | I42: 1x40HC | J42: n/a | K42: n/a | L42: 0 | M42: 0 | N42: n/a | P42: WEEK 45 | R42: =IF(VLOOKUP($A42,Items!$A$5:$J$1000,8,0)=0," ",VLOOKUP($A42,Items!$A$5:$J$1000,8,0)) | S42: =IF(VLOOKUP($A42,Items!$A$5:$J$1000,3,0)=0," ",VLOOKUP($A42,Items!$A$5:$J$1000,3,0)) | T42: =IF(VLOOKUP($A42,Items!$A$5:$J$1000,7,0)=0," ",VLOOKUP($A42,Items!$A$5:$J$1000,7,0)) -> 1700 | U42: =IF(VLOOKUP($A42,Items!$A$5:$J$1000,2,0)=0," ",VLOOKUP($A42,Items!$A$5:$J$1000,2,0)) -> 301 | V42: =IF(VLOOKUP($A42,Items!$A$5:$J$1000,9,0)=0," ",VLOOKUP($A42,Items!$A$5:$J$1000,9,0)) | W42: =IF(VLOOKUP($A42,Items!$A$5:$J$1000,4,0)=0," ",VLOOKUP($A42,Items!$A$5:$J$1000,4,0)) | X42: =IF(VLOOKUP($A42,Items!$A$5:$J$1000,6,0)=0," ",VLOOKUP($A42,Items!$A$5:$J$1000,6,0)) -> 250 | Y42: =IF(VLOOKUP($A42,Items!$A$5:$J$1000,5,0)=0," ",VLOOKUP($A42,Items!$A$5:$J$1000,5,0)) | AA42: =IF(VLOOKUP($A42,Wood!$A$5:$W$1000,16,0)=0," ",VLOOKUP($A42,Wood!$A$5:$W$1000,16,0)) -> 2.092 | AB42: =IF(VLOOKUP($A42,Wood!$A$5:$W$1000,17,0)=0," ",VLOOKUP($A42,Wood!$A$5:$W$1000,17,0)) -> 5.6072 | AC42: =IF(VLOOKUP($A42,Wood!$A$5:$W$1000,18,0)=0," ",VLOOKUP($A42,Wood!$A$5:$W$1000,18,0)) | AD42: =IF(VLOOKUP($A42,Wood!$A$5:$W$1000,19,0)=0," ",VLOOKUP($A42,Wood!$A$5:$W$1000,19,0)) -> 0.16405 | AE42: =IF(VLOOKUP($A42,Wood!$A$5:$W$1000,20,0)=0," ",VLOOKUP($A42,Wood!$A$5:$W$1000,20,0)) | AF42: =IF(VLOOKUP($A42,Wood!$A$5:$W$1000,21,0)=0," ",VLOOKUP($A42,Wood!$A$5:$W$1000,21,0)) -> 0.0259 | AG42: =IF(VLOOKUP($A42,Wood!$A$5:$W$1000,22,0)=0," ",VLOOKUP($A42,Wood!$A$5:$W$1000,22,0)) | AH42: =IF(VLOOKUP($A42,Wood!$A$5:$W$1000,23,0)=0," ",VLOOKUP($A42,Wood!$A$5:$W$1000,23,0)) | AN42: n/a | AO42: 0.2 | AP42: n/a | AR42: 46288 | AS42: =IFERROR(G42-AR42,"") -> 44 | AT42: =NOW()-AR42 -> 26.617591 | AU42: =IFERROR(AVERAGE(J42:N42,AJ42:AP42),"n/a") -> 0.066666667
A43: 9158 | B43: 43300-THAILAND | C43: 1 UNIT SAUNA ROOM (1215RS-Hemlock) w/ complete set of accessories and heater | D43: 0.103 | E43: =C43 -> 1 UNIT SAUNA ROOM (1215RS-Hemlock) w/ complete set of accessories and heater | F43: =D43 -> 0.103 | G43: 46332 | H43: note: all woods need fumigation - 11/6 | I43: LCL | J43: n/a | K43: 1 | L43: 1 | M43: n/a | N43: 0 | O43: 1 | P43: WEEK 45 | R43: =IF(VLOOKUP($A43,Items!$A$5:$J$1000,8,0)=0," ",VLOOKUP($A43,Items!$A$5:$J$1000,8,0)) | S43: =IF(VLOOKUP($A43,Items!$A$5:$J$1000,3,0)=0," ",VLOOKUP($A43,Items!$A$5:$J$1000,3,0)) -> 1 | T43: =IF(VLOOKUP($A43,Items!$A$5:$J$1000,7,0)=0," ",VLOOKUP($A43,Items!$A$5:$J$1000,7,0)) -> 1 | U43: =IF(VLOOKUP($A43,Items!$A$5:$J$1000,2,0)=0," ",VLOOKUP($A43,Items!$A$5:$J$1000,2,0)) | V43: =IF(VLOOKUP($A43,Items!$A$5:$J$1000,9,0)=0," ",VLOOKUP($A43,Items!$A$5:$J$1000,9,0)) -> 1 | W43: =IF(VLOOKUP($A43,Items!$A$5:$J$1000,4,0)=0," ",VLOOKUP($A43,Items!$A$5:$J$1000,4,0)) | X43: =IF(VLOOKUP($A43,Items!$A$5:$J$1000,6,0)=0," ",VLOOKUP($A43,Items!$A$5:$J$1000,6,0)) -> 1 | Y43: =IF(VLOOKUP($A43,Items!$A$5:$J$1000,5,0)=0," ",VLOOKUP($A43,Items!$A$5:$J$1000,5,0)) -> 2 | AA43: =IF(VLOOKUP($A43,Wood!$A$5:$W$1000,16,0)=0," ",VLOOKUP($A43,Wood!$A$5:$W$1000,16,0)) | AB43: =IF(VLOOKUP($A43,Wood!$A$5:$W$1000,17,0)=0," ",VLOOKUP($A43,Wood!$A$5:$W$1000,17,0)) | AC43: =IF(VLOOKUP($A43,Wood!$A$5:$W$1000,18,0)=0," ",VLOOKUP($A43,Wood!$A$5:$W$1000,18,0)) | AD43: =IF(VLOOKUP($A43,Wood!$A$5:$W$1000,19,0)=0," ",VLOOKUP($A43,Wood!$A$5:$W$1000,19,0)) | AE43: =IF(VLOOKUP($A43,Wood!$A$5:$W$1000,20,0)=0," ",VLOOKUP($A43,Wood!$A$5:$W$1000,20,0)) | AF43: =IF(VLOOKUP($A43,Wood!$A$5:$W$1000,21,0)=0," ",VLOOKUP($A43,Wood!$A$5:$W$1000,21,0)) | AG43: =IF(VLOOKUP($A43,Wood!$A$5:$W$1000,22,0)=0," ",VLOOKUP($A43,Wood!$A$5:$W$1000,22,0)) | AH43: =IF(VLOOKUP($A43,Wood!$A$5:$W$1000,23,0)=0," ",VLOOKUP($A43,Wood!$A$5:$W$1000,23,0)) | AN43: 1 | AO43: n/a | AP43: 0 | AR43: 46301 | AS43: =IFERROR(G43-AR43,"") -> 31 | AT43: =NOW()-AR43 -> 13.617591 | AU43: =IFERROR(AVERAGE(J43:N43,AJ43:AP43),"n/a") -> 0.6
A44: 8814 | B44: 27200-UAE | C44: 2 UNITS SAUNA ROOMS (1618RS-Cedar/Hemlock & 2129MS-Cedar/Hemlock) w/ complete set of accessories and heater | D44: 0.06 | E44: =C44 -> 2 UNITS SAUNA ROOMS (1618RS-Cedar/Hemlock & 2129MS-Cedar/Hemlock) w/ complete set of accessories and heater | F44: =D44 -> 0.06 | G44: 46332 | H44: note: all woods need fumigation - 11/6 | I44: LCL | J44: n/a | K44: 0 | L44: 0 | M44: n/a | N44: 0 | O44: 2 | P44: WEEK 45 | R44: =IF(VLOOKUP($A44,Items!$A$5:$J$1000,8,0)=0," ",VLOOKUP($A44,Items!$A$5:$J$1000,8,0)) | S44: =IF(VLOOKUP($A44,Items!$A$5:$J$1000,3,0)=0," ",VLOOKUP($A44,Items!$A$5:$J$1000,3,0)) | T44: =IF(VLOOKUP($A44,Items!$A$5:$J$1000,7,0)=0," ",VLOOKUP($A44,Items!$A$5:$J$1000,7,0)) -> 2 | U44: =IF(VLOOKUP($A44,Items!$A$5:$J$1000,2,0)=0," ",VLOOKUP($A44,Items!$A$5:$J$1000,2,0)) | V44: =IF(VLOOKUP($A44,Items!$A$5:$J$1000,9,0)=0," ",VLOOKUP($A44,Items!$A$5:$J$1000,9,0)) -> 2 | W44: =IF(VLOOKUP($A44,Items!$A$5:$J$1000,4,0)=0," ",VLOOKUP($A44,Items!$A$5:$J$1000,4,0)) | X44: =IF(VLOOKUP($A44,Items!$A$5:$J$1000,6,0)=0," ",VLOOKUP($A44,Items!$A$5:$J$1000,6,0)) -> 2 | Y44: =IF(VLOOKUP($A44,Items!$A$5:$J$1000,5,0)=0," ",VLOOKUP($A44,Items!$A$5:$J$1000,5,0)) | AA44: =IF(VLOOKUP($A44,Wood!$A$5:$W$1000,16,0)=0," ",VLOOKUP($A44,Wood!$A$5:$W$1000,16,0)) | AB44: =IF(VLOOKUP($A44,Wood!$A$5:$W$1000,17,0)=0," ",VLOOKUP($A44,Wood!$A$5:$W$1000,17,0)) | AC44: =IF(VLOOKUP($A44,Wood!$A$5:$W$1000,18,0)=0," ",VLOOKUP($A44,Wood!$A$5:$W$1000,18,0)) | AD44: =IF(VLOOKUP($A44,Wood!$A$5:$W$1000,19,0)=0," ",VLOOKUP($A44,Wood!$A$5:$W$1000,19,0)) | AE44: =IF(VLOOKUP($A44,Wood!$A$5:$W$1000,20,0)=0," ",VLOOKUP($A44,Wood!$A$5:$W$1000,20,0)) | AF44: =IF(VLOOKUP($A44,Wood!$A$5:$W$1000,21,0)=0," ",VLOOKUP($A44,Wood!$A$5:$W$1000,21,0)) | AG44: =IF(VLOOKUP($A44,Wood!$A$5:$W$1000,22,0)=0," ",VLOOKUP($A44,Wood!$A$5:$W$1000,22,0)) | AH44: =IF(VLOOKUP($A44,Wood!$A$5:$W$1000,23,0)=0," ",VLOOKUP($A44,Wood!$A$5:$W$1000,23,0)) | AN44: 0 | AO44: n/a | AP44: 0 | AR44: 46311 | AS44: =IFERROR(G44-AR44,"") -> 21 | AT44: =NOW()-AR44 -> 3.6175914 | AU44: =IFERROR(AVERAGE(J44:N44,AJ44:AP44),"n/a") -> 0
A45: 9143 | B45: 43301-THAILAND | C45: 3 UNITS SAUNA ROOMS (2222MD- Cedar, 1111RS-IR Cedar & 1310MS-Compact Cedar) w/ complete set of accessories and heater, HEATERS, CONTROLS, DOORS & WOODEN ACCESSORIES | D45: 4.75 | E45: =C45 -> 3 UNITS SAUNA ROOMS (2222MD- Cedar, 1111RS-IR Cedar & 1310MS-Compact Cedar) w/ complete set of accessories and heater, HEATERS, CONTROLS, DOORS & WOODEN ACCESSORIES | F45: =D45 -> 4.75 | G45: 46332 | H45: note: all woods need fumigation - 11/6 customized glass - P11268 | I45: 1x20 | J45: 0 | K45: 1 | L45: 0 | M45: 0 | N45: 0 | O45: 3 | P45: WEEK 45 | R45: =IF(VLOOKUP($A45,Items!$A$5:$J$1000,8,0)=0," ",VLOOKUP($A45,Items!$A$5:$J$1000,8,0)) -> 14 | S45: =IF(VLOOKUP($A45,Items!$A$5:$J$1000,3,0)=0," ",VLOOKUP($A45,Items!$A$5:$J$1000,3,0)) -> 12 | T45: =IF(VLOOKUP($A45,Items!$A$5:$J$1000,7,0)=0," ",VLOOKUP($A45,Items!$A$5:$J$1000,7,0)) -> 41 | U45: =IF(VLOOKUP($A45,Items!$A$5:$J$1000,2,0)=0," ",VLOOKUP($A45,Items!$A$5:$J$1000,2,0)) -> 6 | V45: =IF(VLOOKUP($A45,Items!$A$5:$J$1000,9,0)=0," ",VLOOKUP($A45,Items!$A$5:$J$1000,9,0)) -> 3 | W45: =IF(VLOOKUP($A45,Items!$A$5:$J$1000,4,0)=0," ",VLOOKUP($A45,Items!$A$5:$J$1000,4,0)) | X45: =IF(VLOOKUP($A45,Items!$A$5:$J$1000,6,0)=0," ",VLOOKUP($A45,Items!$A$5:$J$1000,6,0)) -> 6 | Y45: =IF(VLOOKUP($A45,Items!$A$5:$J$1000,5,0)=0," ",VLOOKUP($A45,Items!$A$5:$J$1000,5,0)) -> 60 | AA45: =IF(VLOOKUP($A45,Wood!$A$5:$W$1000,16,0)=0," ",VLOOKUP($A45,Wood!$A$5:$W$1000,16,0)) -> 0.81903 | AB45: =IF(VLOOKUP($A45,Wood!$A$5:$W$1000,17,0)=0," ",VLOOKUP($A45,Wood!$A$5:$W$1000,17,0)) -> 2.108015 | AC45: =IF(VLOOKUP($A45,Wood!$A$5:$W$1000,18,0)=0," ",VLOOKUP($A45,Wood!$A$5:$W$1000,18,0)) | AD45: =IF(VLOOKUP($A45,Wood!$A$5:$W$1000,19,0)=0," ",VLOOKUP($A45,Wood!$A$5:$W$1000,19,0)) | AE45: =IF(VLOOKUP($A45,Wood!$A$5:$W$1000,20,0)=0," ",VLOOKUP($A45,Wood!$A$5:$W$1000,20,0)) | AF45: =IF(VLOOKUP($A45,Wood!$A$5:$W$1000,21,0)=0," ",VLOOKUP($A45,Wood!$A$5:$W$1000,21,0)) | AG45: =IF(VLOOKUP($A45,Wood!$A$5:$W$1000,22,0)=0," ",VLOOKUP($A45,Wood!$A$5:$W$1000,22,0)) | AH45: =IF(VLOOKUP($A45,Wood!$A$5:$W$1000,23,0)=0," ",VLOOKUP($A45,Wood!$A$5:$W$1000,23,0)) | AN45: 1 | AO45: 0 | AP45: 0 | AR45: 46300 | AS45: =IFERROR(G45-AR45,"") -> 32 | AT45: =NOW()-AR45 -> 14.617591 | AU45: =IFERROR(AVERAGE(J45:N45,AJ45:AP45),"n/a") -> 0.25
A46: 9160 | B46: 51700-MAURITIUS | C46: 5 UNITS SAUNA ROOMS (2315LL- 3sr Hemlock & 2315RL-2sr Hemlock) w/ complete set of accessories and heater | D46: 0.97 | E46: =C46 -> 5 UNITS SAUNA ROOMS (2315LL- 3sr Hemlock & 2315RL-2sr Hemlock) w/ complete set of accessories and heater | F46: =D46 -> 0.97 | G46: 46332 | H46: note: all woods need fumigation - 11/6 | I46: 1x20 | J46: 0 | K46: 1 | L46: 0 | M46: n/a | N46: 0 | O46: 5 | P46: WEEK 45 | Q46: 3 | R46: =IF(VLOOKUP($A46,Items!$A$5:$J$1000,8,0)=0," ",VLOOKUP($A46,Items!$A$5:$J$1000,8,0)) -> 10 | S46: =IF(VLOOKUP($A46,Items!$A$5:$J$1000,3,0)=0," ",VLOOKUP($A46,Items!$A$5:$J$1000,3,0)) -> 5 | T46: =IF(VLOOKUP($A46,Items!$A$5:$J$1000,7,0)=0," ",VLOOKUP($A46,Items!$A$5:$J$1000,7,0)) -> 30 | U46: =IF(VLOOKUP($A46,Items!$A$5:$J$1000,2,0)=0," ",VLOOKUP($A46,Items!$A$5:$J$1000,2,0)) | V46: =IF(VLOOKUP($A46,Items!$A$5:$J$1000,9,0)=0," ",VLOOKUP($A46,Items!$A$5:$J$1000,9,0)) -> 5 | W46: =IF(VLOOKUP($A46,Items!$A$5:$J$1000,4,0)=0," ",VLOOKUP($A46,Items!$A$5:$J$1000,4,0)) | X46: =IF(VLOOKUP($A46,Items!$A$5:$J$1000,6,0)=0," ",VLOOKUP($A46,Items!$A$5:$J$1000,6,0)) -> 5 | Y46: =IF(VLOOKUP($A46,Items!$A$5:$J$1000,5,0)=0," ",VLOOKUP($A46,Items!$A$5:$J$1000,5,0)) -> 10 | AA46: =IF(VLOOKUP($A46,Wood!$A$5:$W$1000,16,0)=0," ",VLOOKUP($A46,Wood!$A$5:$W$1000,16,0)) | AB46: =IF(VLOOKUP($A46,Wood!$A$5:$W$1000,17,0)=0," ",VLOOKUP($A46,Wood!$A$5:$W$1000,17,0)) | AC46: =IF(VLOOKUP($A46,Wood!$A$5:$W$1000,18,0)=0," ",VLOOKUP($A46,Wood!$A$5:$W$1000,18,0)) | AD46: =IF(VLOOKUP($A46,Wood!$A$5:$W$1000,19,0)=0," ",VLOOKUP($A46,Wood!$A$5:$W$1000,19,0)) | AE46: =IF(VLOOKUP($A46,Wood!$A$5:$W$1000,20,0)=0," ",VLOOKUP($A46,Wood!$A$5:$W$1000,20,0)) | AF46: =IF(VLOOKUP($A46,Wood!$A$5:$W$1000,21,0)=0," ",VLOOKUP($A46,Wood!$A$5:$W$1000,21,0)) | AG46: =IF(VLOOKUP($A46,Wood!$A$5:$W$1000,22,0)=0," ",VLOOKUP($A46,Wood!$A$5:$W$1000,22,0)) | AH46: =IF(VLOOKUP($A46,Wood!$A$5:$W$1000,23,0)=0," ",VLOOKUP($A46,Wood!$A$5:$W$1000,23,0)) | AN46: 1 | AO46: n/a | AP46: 0 | AR46: 46301 | AS46: =IFERROR(G46-AR46,"") -> 31 | AT46: =NOW()-AR46 -> 13.617591 | AU46: =IFERROR(AVERAGE(J46:N46,AJ46:AP46),"n/a") -> 0.33333333
A47: 9164 | B47: 1500-SAWO SAUNA EUROPE BV BACKLOG | C47: HEATERS, CONTROLS & SAUNA STONES, WOODEN ACCESSORIES | D47: 53.6 | E47: =C47 -> HEATERS, CONTROLS & SAUNA STONES, WOODEN ACCESSORIES | F47: =SUM(D47:D49) -> 100.97952 | G47: 46339 | H47: CONTAINER 14 note: all woods need fumigation - 11/13 | I47: 1X40HC | J47: 0.518 | K47: 1 | L47: 0 | M47: n/a | N47: n/a | P47: WEEK 46 | R47: =IF(VLOOKUP($A47,Items!$A$5:$J$1000,8,0)=0," ",VLOOKUP($A47,Items!$A$5:$J$1000,8,0)) -> 683 | S47: =IF(VLOOKUP($A47,Items!$A$5:$J$1000,3,0)=0," ",VLOOKUP($A47,Items!$A$5:$J$1000,3,0)) | T47: =IF(VLOOKUP($A47,Items!$A$5:$J$1000,7,0)=0," ",VLOOKUP($A47,Items!$A$5:$J$1000,7,0)) -> 8100 | U47: =IF(VLOOKUP($A47,Items!$A$5:$J$1000,2,0)=0," ",VLOOKUP($A47,Items!$A$5:$J$1000,2,0)) | V47: =IF(VLOOKUP($A47,Items!$A$5:$J$1000,9,0)=0," ",VLOOKUP($A47,Items!$A$5:$J$1000,9,0)) | W47: =IF(VLOOKUP($A47,Items!$A$5:$J$1000,4,0)=0," ",VLOOKUP($A47,Items!$A$5:$J$1000,4,0)) | X47: =IF(VLOOKUP($A47,Items!$A$5:$J$1000,6,0)=0," ",VLOOKUP($A47,Items!$A$5:$J$1000,6,0)) -> 460 | Y47: =IF(VLOOKUP($A47,Items!$A$5:$J$1000,5,0)=0," ",VLOOKUP($A47,Items!$A$5:$J$1000,5,0)) | AA47: =IF(VLOOKUP($A47,Wood!$A$5:$W$1000,16,0)=0," ",VLOOKUP($A47,Wood!$A$5:$W$1000,16,0)) | AB47: =IF(VLOOKUP($A47,Wood!$A$5:$W$1000,17,0)=0," ",VLOOKUP($A47,Wood!$A$5:$W$1000,17,0)) -> 3.866 | AC47: =IF(VLOOKUP($A47,Wood!$A$5:$W$1000,18,0)=0," ",VLOOKUP($A47,Wood!$A$5:$W$1000,18,0)) | AD47: =IF(VLOOKUP($A47,Wood!$A$5:$W$1000,19,0)=0," ",VLOOKUP($A47,Wood!$A$5:$W$1000,19,0)) -> 2.746 | AE47: =IF(VLOOKUP($A47,Wood!$A$5:$W$1000,20,0)=0," ",VLOOKUP($A47,Wood!$A$5:$W$1000,20,0)) | AF47: =IF(VLOOKUP($A47,Wood!$A$5:$W$1000,21,0)=0," ",VLOOKUP($A47,Wood!$A$5:$W$1000,21,0)) | AG47: =IF(VLOOKUP($A47,Wood!$A$5:$W$1000,22,0)=0," ",VLOOKUP($A47,Wood!$A$5:$W$1000,22,0)) | AH47: =IF(VLOOKUP($A47,Wood!$A$5:$W$1000,23,0)=0," ",VLOOKUP($A47,Wood!$A$5:$W$1000,23,0)) | AN47: 1 | AO47: n/a | AP47: n/a | AR47: 46301 | AS47: =IFERROR(G47-AR47,"") -> 38 | AT47: =NOW()-AR47 -> 13.617591 | AU47: =IFERROR(AVERAGE(J47:N47,AJ47:AP47),"n/a") -> 0.6295
A48: 9288 | B48: 12100-HOLLAND HALU | C48: 518-D | D48: 4.97952 | E48: =C48 -> 518-D | G48: 46339 | J48: n/a | K48: n/a | L48: 0 | M48: n/a | N48: n/a | P48: WEEK 46 | R48: =IF(VLOOKUP($A48,Items!$A$5:$J$1000,8,0)=0," ",VLOOKUP($A48,Items!$A$5:$J$1000,8,0)) | S48: =IF(VLOOKUP($A48,Items!$A$5:$J$1000,3,0)=0," ",VLOOKUP($A48,Items!$A$5:$J$1000,3,0)) | T48: =IF(VLOOKUP($A48,Items!$A$5:$J$1000,7,0)=0," ",VLOOKUP($A48,Items!$A$5:$J$1000,7,0)) -> 252 | U48: =IF(VLOOKUP($A48,Items!$A$5:$J$1000,2,0)=0," ",VLOOKUP($A48,Items!$A$5:$J$1000,2,0)) | V48: =IF(VLOOKUP($A48,Items!$A$5:$J$1000,9,0)=0," ",VLOOKUP($A48,Items!$A$5:$J$1000,9,0)) | W48: =IF(VLOOKUP($A48,Items!$A$5:$J$1000,4,0)=0," ",VLOOKUP($A48,Items!$A$5:$J$1000,4,0)) | X48: =IF(VLOOKUP($A48,Items!$A$5:$J$1000,6,0)=0," ",VLOOKUP($A48,Items!$A$5:$J$1000,6,0)) | Y48: =IF(VLOOKUP($A48,Items!$A$5:$J$1000,5,0)=0," ",VLOOKUP($A48,Items!$A$5:$J$1000,5,0)) | AA48: =IF(VLOOKUP($A48,Wood!$A$5:$W$1000,16,0)=0," ",VLOOKUP($A48,Wood!$A$5:$W$1000,16,0)) | AB48: =IF(VLOOKUP($A48,Wood!$A$5:$W$1000,17,0)=0," ",VLOOKUP($A48,Wood!$A$5:$W$1000,17,0)) | AC48: =IF(VLOOKUP($A48,Wood!$A$5:$W$1000,18,0)=0," ",VLOOKUP($A48,Wood!$A$5:$W$1000,18,0)) | AD48: =IF(VLOOKUP($A48,Wood!$A$5:$W$1000,19,0)=0," ",VLOOKUP($A48,Wood!$A$5:$W$1000,19,0)) | AE48: =IF(VLOOKUP($A48,Wood!$A$5:$W$1000,20,0)=0," ",VLOOKUP($A48,Wood!$A$5:$W$1000,20,0)) | AF48: =IF(VLOOKUP($A48,Wood!$A$5:$W$1000,21,0)=0," ",VLOOKUP($A48,Wood!$A$5:$W$1000,21,0)) | AG48: =IF(VLOOKUP($A48,Wood!$A$5:$W$1000,22,0)=0," ",VLOOKUP($A48,Wood!$A$5:$W$1000,22,0)) | AH48: =IF(VLOOKUP($A48,Wood!$A$5:$W$1000,23,0)=0," ",VLOOKUP($A48,Wood!$A$5:$W$1000,23,0)) | AN48: n/a | AO48: n/a | AP48: n/a | AR48: 46310 | AS48: =IFERROR(G48-AR48,"") -> 29 | AT48: =NOW()-AR48 -> 4.6175914 | AU48: =IFERROR(AVERAGE(J48:N48,AJ48:AP48),"n/a") -> 0
A49: SSE BACKLOG | B49: 11500-SAWO SAUNA EUROPE BV | C49: HEATERS, SPARE PARTS & DOORS | D49: 42.4 | E49: =C49 -> HEATERS, SPARE PARTS & DOORS | G49: 46339 | H49: SO4743, 5062, 4752, 4747, 4742, 7439 | J49: n/a | K49: 0.96 | L49: n/a | M49: 0 | N49: n/a | P49: WEEK 46 | Q49: 2 | R49: =IF(VLOOKUP($A49,Items!$A$5:$J$1000,8,0)=0," ",VLOOKUP($A49,Items!$A$5:$J$1000,8,0)) | S49: =IF(VLOOKUP($A49,Items!$A$5:$J$1000,3,0)=0," ",VLOOKUP($A49,Items!$A$5:$J$1000,3,0)) -> 269 | T49: =IF(VLOOKUP($A49,Items!$A$5:$J$1000,7,0)=0," ",VLOOKUP($A49,Items!$A$5:$J$1000,7,0)) | U49: =IF(VLOOKUP($A49,Items!$A$5:$J$1000,2,0)=0," ",VLOOKUP($A49,Items!$A$5:$J$1000,2,0)) -> 5 | V49: =IF(VLOOKUP($A49,Items!$A$5:$J$1000,9,0)=0," ",VLOOKUP($A49,Items!$A$5:$J$1000,9,0)) | W49: =IF(VLOOKUP($A49,Items!$A$5:$J$1000,4,0)=0," ",VLOOKUP($A49,Items!$A$5:$J$1000,4,0)) | X49: =IF(VLOOKUP($A49,Items!$A$5:$J$1000,6,0)=0," ",VLOOKUP($A49,Items!$A$5:$J$1000,6,0)) | Y49: =IF(VLOOKUP($A49,Items!$A$5:$J$1000,5,0)=0," ",VLOOKUP($A49,Items!$A$5:$J$1000,5,0)) | AA49: =IF(VLOOKUP($A49,Wood!$A$5:$W$1000,16,0)=0," ",VLOOKUP($A49,Wood!$A$5:$W$1000,16,0)) -> 0.5729 | AB49: =IF(VLOOKUP($A49,Wood!$A$5:$W$1000,17,0)=0," ",VLOOKUP($A49,Wood!$A$5:$W$1000,17,0)) -> 0.0351 | AC49: =IF(VLOOKUP($A49,Wood!$A$5:$W$1000,18,0)=0," ",VLOOKUP($A49,Wood!$A$5:$W$1000,18,0)) | AD49: =IF(VLOOKUP($A49,Wood!$A$5:$W$1000,19,0)=0," ",VLOOKUP($A49,Wood!$A$5:$W$1000,19,0)) | AE49: =IF(VLOOKUP($A49,Wood!$A$5:$W$1000,20,0)=0," ",VLOOKUP($A49,Wood!$A$5:$W$1000,20,0)) | AF49: =IF(VLOOKUP($A49,Wood!$A$5:$W$1000,21,0)=0," ",VLOOKUP($A49,Wood!$A$5:$W$1000,21,0)) | AG49: =IF(VLOOKUP($A49,Wood!$A$5:$W$1000,22,0)=0," ",VLOOKUP($A49,Wood!$A$5:$W$1000,22,0)) | AH49: =IF(VLOOKUP($A49,Wood!$A$5:$W$1000,23,0)=0," ",VLOOKUP($A49,Wood!$A$5:$W$1000,23,0)) | AN49: 0.99 | AO49: 0 | AP49: n/a | AR49: 45969 | AS49: =IFERROR(G49-AR49,"") -> 370 | AT49: =NOW()-AR49 -> 345.61759 | AU49: =IFERROR(AVERAGE(J49:N49,AJ49:AP49),"n/a") -> 0.4875
A50: 9113 | B50: 15900- Mandaue |Stephen Chian | C50: 1 UNIT SAUNA ROOM (1921MD-Cedar) w/ complete set of accessories and heater | D50: 0.34 | E50: =C50 -> 1 UNIT SAUNA ROOM (1921MD-Cedar) w/ complete set of accessories and heater | F50: =D50 -> 0.34 | G50: 46351 | H50: customized glass - P11267 | J50: 0 | K50: 1 | L50: 0 | M50: n/a | N50: 0 | O50: 1 | P50: WEEK 48 | Q50: 2 | R50: =IF(VLOOKUP($A50,Items!$A$5:$J$1000,8,0)=0," ",VLOOKUP($A50,Items!$A$5:$J$1000,8,0)) -> 2 | S50: =IF(VLOOKUP($A50,Items!$A$5:$J$1000,3,0)=0," ",VLOOKUP($A50,Items!$A$5:$J$1000,3,0)) -> 1 | T50: =IF(VLOOKUP($A50,Items!$A$5:$J$1000,7,0)=0," ",VLOOKUP($A50,Items!$A$5:$J$1000,7,0)) -> 8 | U50: =IF(VLOOKUP($A50,Items!$A$5:$J$1000,2,0)=0," ",VLOOKUP($A50,Items!$A$5:$J$1000,2,0)) | V50: =IF(VLOOKUP($A50,Items!$A$5:$J$1000,9,0)=0," ",VLOOKUP($A50,Items!$A$5:$J$1000,9,0)) -> 1 | W50: =IF(VLOOKUP($A50,Items!$A$5:$J$1000,4,0)=0," ",VLOOKUP($A50,Items!$A$5:$J$1000,4,0)) | X50: =IF(VLOOKUP($A50,Items!$A$5:$J$1000,6,0)=0," ",VLOOKUP($A50,Items!$A$5:$J$1000,6,0)) -> 2 | Y50: =IF(VLOOKUP($A50,Items!$A$5:$J$1000,5,0)=0," ",VLOOKUP($A50,Items!$A$5:$J$1000,5,0)) -> 5 | AA50: =IF(VLOOKUP($A50,Wood!$A$5:$W$1000,16,0)=0," ",VLOOKUP($A50,Wood!$A$5:$W$1000,16,0)) -> 0.17617 | AB50: =IF(VLOOKUP($A50,Wood!$A$5:$W$1000,17,0)=0," ",VLOOKUP($A50,Wood!$A$5:$W$1000,17,0)) -> 0.69656 | AC50: =IF(VLOOKUP($A50,Wood!$A$5:$W$1000,18,0)=0," ",VLOOKUP($A50,Wood!$A$5:$W$1000,18,0)) | AD50: =IF(VLOOKUP($A50,Wood!$A$5:$W$1000,19,0)=0," ",VLOOKUP($A50,Wood!$A$5:$W$1000,19,0)) | AE50: =IF(VLOOKUP($A50,Wood!$A$5:$W$1000,20,0)=0," ",VLOOKUP($A50,Wood!$A$5:$W$1000,20,0)) | AF50: =IF(VLOOKUP($A50,Wood!$A$5:$W$1000,21,0)=0," ",VLOOKUP($A50,Wood!$A$5:$W$1000,21,0)) | AG50: =IF(VLOOKUP($A50,Wood!$A$5:$W$1000,22,0)=0," ",VLOOKUP($A50,Wood!$A$5:$W$1000,22,0)) | AH50: =IF(VLOOKUP($A50,Wood!$A$5:$W$1000,23,0)=0," ",VLOOKUP($A50,Wood!$A$5:$W$1000,23,0)) | AN50: 1 | AO50: n/a | AP50: 0 | AR50: 46297 | AS50: =IFERROR(G50-AR50,"") -> 54 | AT50: =NOW()-AR50 -> 17.617591 | AU50: =IFERROR(AVERAGE(J50:N50,AJ50:AP50),"n/a") -> 0.33333333
A51: 8938 | B51: 9600-NEW ZEALAND | C51: 2 UNITS SAUNA ROOMS (1420LL-Cedar & 1420RL-Cedar) w/ complete set of accessories and heater, SPARE PARTS, HEATERS, CONTROLS, DOORS, PANELS, TIMBERS & WOODEN ACCESSORIES | D51: 15.86 | E51: =C51 -> 2 UNITS SAUNA ROOMS (1420LL-Cedar & 1420RL-Cedar) w/ complete set of accessories and heater, SPARE PARTS, HEATERS, CONTROLS, DOORS, PANELS, TIMBERS & WOODEN ACCESSORIES | F51: =SUM(D51:D56) -> 36.496094 | G51: TBA | H51: note: all woods need fumigation - TBA note: Schedule to be confirmed based on Cedar Wood Availability - ETA:10/24 | I51: 1X20 | J51: 0.625 | K51: 0.96 | L51: 0 | M51: 0 | N51: 0 | O51: 2 | R51: =IF(VLOOKUP($A51,Items!$A$5:$J$1000,8,0)=0," ",VLOOKUP($A51,Items!$A$5:$J$1000,8,0)) -> 20 | S51: =IF(VLOOKUP($A51,Items!$A$5:$J$1000,3,0)=0," ",VLOOKUP($A51,Items!$A$5:$J$1000,3,0)) -> 17 | T51: =IF(VLOOKUP($A51,Items!$A$5:$J$1000,7,0)=0," ",VLOOKUP($A51,Items!$A$5:$J$1000,7,0)) -> 25 | U51: =IF(VLOOKUP($A51,Items!$A$5:$J$1000,2,0)=0," ",VLOOKUP($A51,Items!$A$5:$J$1000,2,0)) -> 3 | V51: =IF(VLOOKUP($A51,Items!$A$5:$J$1000,9,0)=0," ",VLOOKUP($A51,Items!$A$5:$J$1000,9,0)) -> 2 | W51: =IF(VLOOKUP($A51,Items!$A$5:$J$1000,4,0)=0," ",VLOOKUP($A51,Items!$A$5:$J$1000,4,0)) -> 1330 | X51: =IF(VLOOKUP($A51,Items!$A$5:$J$1000,6,0)=0," ",VLOOKUP($A51,Items!$A$5:$J$1000,6,0)) -> 77 | Y51: =IF(VLOOKUP($A51,Items!$A$5:$J$1000,5,0)=0," ",VLOOKUP($A51,Items!$A$5:$J$1000,5,0)) -> 49 | AA51: =IF(VLOOKUP($A51,Wood!$A$5:$W$1000,16,0)=0," ",VLOOKUP($A51,Wood!$A$5:$W$1000,16,0)) -> 0.49486 | AB51: =IF(VLOOKUP($A51,Wood!$A$5:$W$1000,17,0)=0," ",VLOOKUP($A51,Wood!$A$5:$W$1000,17,0)) -> 4.69248 | AC51: =IF(VLOOKUP($A51,Wood!$A$5:$W$1000,18,0)=0," ",VLOOKUP($A51,Wood!$A$5:$W$1000,18,0)) | AD51: =IF(VLOOKUP($A51,Wood!$A$5:$W$1000,19,0)=0," ",VLOOKUP($A51,Wood!$A$5:$W$1000,19,0)) | AE51: =IF(VLOOKUP($A51,Wood!$A$5:$W$1000,20,0)=0," ",VLOOKUP($A51,Wood!$A$5:$W$1000,20,0)) | AF51: =IF(VLOOKUP($A51,Wood!$A$5:$W$1000,21,0)=0," ",VLOOKUP($A51,Wood!$A$5:$W$1000,21,0)) | AG51: =IF(VLOOKUP($A51,Wood!$A$5:$W$1000,22,0)=0," ",VLOOKUP($A51,Wood!$A$5:$W$1000,22,0)) | AH51: =IF(VLOOKUP($A51,Wood!$A$5:$W$1000,23,0)=0," ",VLOOKUP($A51,Wood!$A$5:$W$1000,23,0)) | AN51: 1 | AO51: 0 | AP51: 0 | AR51: 46288 | AS51: =IFERROR(G51-AR51,"") | AT51: =NOW()-AR51 -> 26.617591 | AU51: =IFERROR(AVERAGE(J51:N51,AJ51:AP51),"n/a") -> 0.323125
A52: 9153 | B52: 9600-NEW ZEALAND | C52: 2 UNITS SAUNA ROOMS (1420LL-Cedar & 1420RL-Cedar) w/ complete set of accessories and heater & SPARE PARTS | D52: 5.85 | E52: =C52 -> 2 UNITS SAUNA ROOMS (1420LL-Cedar & 1420RL-Cedar) w/ complete set of accessories and heater & SPARE PARTS | G52: TBA | J52: n/a | K52: 0 | L52: 0 | M52: n/a | N52: 0 | O52: 2 | R52: =IF(VLOOKUP($A52,Items!$A$5:$J$1000,8,0)=0," ",VLOOKUP($A52,Items!$A$5:$J$1000,8,0)) | S52: =IF(VLOOKUP($A52,Items!$A$5:$J$1000,3,0)=0," ",VLOOKUP($A52,Items!$A$5:$J$1000,3,0)) | T52: =IF(VLOOKUP($A52,Items!$A$5:$J$1000,7,0)=0," ",VLOOKUP($A52,Items!$A$5:$J$1000,7,0)) -> 14 | U52: =IF(VLOOKUP($A52,Items!$A$5:$J$1000,2,0)=0," ",VLOOKUP($A52,Items!$A$5:$J$1000,2,0)) | V52: =IF(VLOOKUP($A52,Items!$A$5:$J$1000,9,0)=0," ",VLOOKUP($A52,Items!$A$5:$J$1000,9,0)) -> 2 | W52: =IF(VLOOKUP($A52,Items!$A$5:$J$1000,4,0)=0," ",VLOOKUP($A52,Items!$A$5:$J$1000,4,0)) | X52: =IF(VLOOKUP($A52,Items!$A$5:$J$1000,6,0)=0," ",VLOOKUP($A52,Items!$A$5:$J$1000,6,0)) -> 6 | Y52: =IF(VLOOKUP($A52,Items!$A$5:$J$1000,5,0)=0," ",VLOOKUP($A52,Items!$A$5:$J$1000,5,0)) -> 4 | AA52: =IF(VLOOKUP($A52,Wood!$A$5:$W$1000,16,0)=0," ",VLOOKUP($A52,Wood!$A$5:$W$1000,16,0)) | AB52: =IF(VLOOKUP($A52,Wood!$A$5:$W$1000,17,0)=0," ",VLOOKUP($A52,Wood!$A$5:$W$1000,17,0)) | AC52: =IF(VLOOKUP($A52,Wood!$A$5:$W$1000,18,0)=0," ",VLOOKUP($A52,Wood!$A$5:$W$1000,18,0)) | AD52: =IF(VLOOKUP($A52,Wood!$A$5:$W$1000,19,0)=0," ",VLOOKUP($A52,Wood!$A$5:$W$1000,19,0)) | AE52: =IF(VLOOKUP($A52,Wood!$A$5:$W$1000,20,0)=0," ",VLOOKUP($A52,Wood!$A$5:$W$1000,20,0)) | AF52: =IF(VLOOKUP($A52,Wood!$A$5:$W$1000,21,0)=0," ",VLOOKUP($A52,Wood!$A$5:$W$1000,21,0)) | AG52: =IF(VLOOKUP($A52,Wood!$A$5:$W$1000,22,0)=0," ",VLOOKUP($A52,Wood!$A$5:$W$1000,22,0)) | AH52: =IF(VLOOKUP($A52,Wood!$A$5:$W$1000,23,0)=0," ",VLOOKUP($A52,Wood!$A$5:$W$1000,23,0)) | AN52: n/a | AO52: n/a | AP52: 0 | AR52: 46303 | AS52: =IFERROR(G52-AR52,"") | AT52: =NOW()-AR52 -> 11.617591 | AU52: =IFERROR(AVERAGE(J52:N52,AJ52:AP52),"n/a") -> 0
A53: 8294 | B53: 9600-NEW ZEALAND BACKLOG | C53: PANELS & TIMBERS | D53: 8.84 | E53: =C53 -> PANELS & TIMBERS | G53: TBA | J53: n/a | K53: n/a | L53: n/a | M53: n/a | N53: 0 | R53: =IF(VLOOKUP($A53,Items!$A$5:$J$1000,8,0)=0," ",VLOOKUP($A53,Items!$A$5:$J$1000,8,0)) | S53: =IF(VLOOKUP($A53,Items!$A$5:$J$1000,3,0)=0," ",VLOOKUP($A53,Items!$A$5:$J$1000,3,0)) | T53: =IF(VLOOKUP($A53,Items!$A$5:$J$1000,7,0)=0," ",VLOOKUP($A53,Items!$A$5:$J$1000,7,0)) | U53: =IF(VLOOKUP($A53,Items!$A$5:$J$1000,2,0)=0," ",VLOOKUP($A53,Items!$A$5:$J$1000,2,0)) | V53: =IF(VLOOKUP($A53,Items!$A$5:$J$1000,9,0)=0," ",VLOOKUP($A53,Items!$A$5:$J$1000,9,0)) | W53: =IF(VLOOKUP($A53,Items!$A$5:$J$1000,4,0)=0," ",VLOOKUP($A53,Items!$A$5:$J$1000,4,0)) -> 2500 | X53: =IF(VLOOKUP($A53,Items!$A$5:$J$1000,6,0)=0," ",VLOOKUP($A53,Items!$A$5:$J$1000,6,0)) | Y53: =IF(VLOOKUP($A53,Items!$A$5:$J$1000,5,0)=0," ",VLOOKUP($A53,Items!$A$5:$J$1000,5,0)) | AA53: =IF(VLOOKUP($A53,Wood!$A$5:$W$1000,16,0)=0," ",VLOOKUP($A53,Wood!$A$5:$W$1000,16,0)) | AB53: =IF(VLOOKUP($A53,Wood!$A$5:$W$1000,17,0)=0," ",VLOOKUP($A53,Wood!$A$5:$W$1000,17,0)) -> 2.934 | AC53: =IF(VLOOKUP($A53,Wood!$A$5:$W$1000,18,0)=0," ",VLOOKUP($A53,Wood!$A$5:$W$1000,18,0)) | AD53: =IF(VLOOKUP($A53,Wood!$A$5:$W$1000,19,0)=0," ",VLOOKUP($A53,Wood!$A$5:$W$1000,19,0)) | AE53: =IF(VLOOKUP($A53,Wood!$A$5:$W$1000,20,0)=0," ",VLOOKUP($A53,Wood!$A$5:$W$1000,20,0)) | AF53: =IF(VLOOKUP($A53,Wood!$A$5:$W$1000,21,0)=0," ",VLOOKUP($A53,Wood!$A$5:$W$1000,21,0)) | AG53: =IF(VLOOKUP($A53,Wood!$A$5:$W$1000,22,0)=0," ",VLOOKUP($A53,Wood!$A$5:$W$1000,22,0)) | AH53: =IF(VLOOKUP($A53,Wood!$A$5:$W$1000,23,0)=0," ",VLOOKUP($A53,Wood!$A$5:$W$1000,23,0)) | AN53: n/a | AO53: n/a | AP53: 0 | AR53: 46244 | AS53: =IFERROR(G53-AR53,"") | AT53: =NOW()-AR53 -> 70.617591 | AU53: =IFERROR(AVERAGE(J53:N53,AJ53:AP53),"n/a") -> 0
A54: 7114 | B54: 9600-NEW ZEALAND BACKLOG | C54: PANELS & R-980 | D54: =5.042+0.36822 -> 5.41022 | E54: =C54 -> PANELS & R-980 | J54: n/a | K54: n/a | L54: n/a | M54: n/a | N54: 0 | R54: =IF(VLOOKUP($A54,Items!$A$5:$J$1000,8,0)=0," ",VLOOKUP($A54,Items!$A$5:$J$1000,8,0)) | S54: =IF(VLOOKUP($A54,Items!$A$5:$J$1000,3,0)=0," ",VLOOKUP($A54,Items!$A$5:$J$1000,3,0)) | T54: =IF(VLOOKUP($A54,Items!$A$5:$J$1000,7,0)=0," ",VLOOKUP($A54,Items!$A$5:$J$1000,7,0)) | U54: =IF(VLOOKUP($A54,Items!$A$5:$J$1000,2,0)=0," ",VLOOKUP($A54,Items!$A$5:$J$1000,2,0)) | V54: =IF(VLOOKUP($A54,Items!$A$5:$J$1000,9,0)=0," ",VLOOKUP($A54,Items!$A$5:$J$1000,9,0)) | W54: =IF(VLOOKUP($A54,Items!$A$5:$J$1000,4,0)=0," ",VLOOKUP($A54,Items!$A$5:$J$1000,4,0)) -> 1408 | X54: =IF(VLOOKUP($A54,Items!$A$5:$J$1000,6,0)=0," ",VLOOKUP($A54,Items!$A$5:$J$1000,6,0)) | Y54: =IF(VLOOKUP($A54,Items!$A$5:$J$1000,5,0)=0," ",VLOOKUP($A54,Items!$A$5:$J$1000,5,0)) -> 18 | AA54: =IF(VLOOKUP($A54,Wood!$A$5:$W$1000,16,0)=0," ",VLOOKUP($A54,Wood!$A$5:$W$1000,16,0)) -> 0.0032 | AB54: =IF(VLOOKUP($A54,Wood!$A$5:$W$1000,17,0)=0," ",VLOOKUP($A54,Wood!$A$5:$W$1000,17,0)) -> 1.96248 | AC54: =IF(VLOOKUP($A54,Wood!$A$5:$W$1000,18,0)=0," ",VLOOKUP($A54,Wood!$A$5:$W$1000,18,0)) | AD54: =IF(VLOOKUP($A54,Wood!$A$5:$W$1000,19,0)=0," ",VLOOKUP($A54,Wood!$A$5:$W$1000,19,0)) | AE54: =IF(VLOOKUP($A54,Wood!$A$5:$W$1000,20,0)=0," ",VLOOKUP($A54,Wood!$A$5:$W$1000,20,0)) | AF54: =IF(VLOOKUP($A54,Wood!$A$5:$W$1000,21,0)=0," ",VLOOKUP($A54,Wood!$A$5:$W$1000,21,0)) | AG54: =IF(VLOOKUP($A54,Wood!$A$5:$W$1000,22,0)=0," ",VLOOKUP($A54,Wood!$A$5:$W$1000,22,0)) | AH54: =IF(VLOOKUP($A54,Wood!$A$5:$W$1000,23,0)=0," ",VLOOKUP($A54,Wood!$A$5:$W$1000,23,0)) | AN54: n/a | AO54: n/a | AP54: 0 | AR54: 46142 | AT54: =NOW()-AR54 -> 172.61759 | AU54: =IFERROR(AVERAGE(J54:N54,AJ54:AP54),"n/a") -> 0
A55: 6967 | B55: 9600-NEW ZEALAND BACKLOG | C55: R-980 | D55: 0.43251429 | E55: =C55 -> R-980 | J55: n/a | K55: n/a | L55: n/a | M55: n/a | N55: 1 | R55: =IF(VLOOKUP($A55,Items!$A$5:$J$1000,8,0)=0," ",VLOOKUP($A55,Items!$A$5:$J$1000,8,0)) | S55: =IF(VLOOKUP($A55,Items!$A$5:$J$1000,3,0)=0," ",VLOOKUP($A55,Items!$A$5:$J$1000,3,0)) | T55: =IF(VLOOKUP($A55,Items!$A$5:$J$1000,7,0)=0," ",VLOOKUP($A55,Items!$A$5:$J$1000,7,0)) | U55: =IF(VLOOKUP($A55,Items!$A$5:$J$1000,2,0)=0," ",VLOOKUP($A55,Items!$A$5:$J$1000,2,0)) | V55: =IF(VLOOKUP($A55,Items!$A$5:$J$1000,9,0)=0," ",VLOOKUP($A55,Items!$A$5:$J$1000,9,0)) | W55: =IF(VLOOKUP($A55,Items!$A$5:$J$1000,4,0)=0," ",VLOOKUP($A55,Items!$A$5:$J$1000,4,0)) | X55: =IF(VLOOKUP($A55,Items!$A$5:$J$1000,6,0)=0," ",VLOOKUP($A55,Items!$A$5:$J$1000,6,0)) | Y55: =IF(VLOOKUP($A55,Items!$A$5:$J$1000,5,0)=0," ",VLOOKUP($A55,Items!$A$5:$J$1000,5,0)) -> 20 | AA55: =IF(VLOOKUP($A55,Wood!$A$5:$W$1000,16,0)=0," ",VLOOKUP($A55,Wood!$A$5:$W$1000,16,0)) | AB55: =IF(VLOOKUP($A55,Wood!$A$5:$W$1000,17,0)=0," ",VLOOKUP($A55,Wood!$A$5:$W$1000,17,0)) | AC55: =IF(VLOOKUP($A55,Wood!$A$5:$W$1000,18,0)=0," ",VLOOKUP($A55,Wood!$A$5:$W$1000,18,0)) | AD55: =IF(VLOOKUP($A55,Wood!$A$5:$W$1000,19,0)=0," ",VLOOKUP($A55,Wood!$A$5:$W$1000,19,0)) | AE55: =IF(VLOOKUP($A55,Wood!$A$5:$W$1000,20,0)=0," ",VLOOKUP($A55,Wood!$A$5:$W$1000,20,0)) | AF55: =IF(VLOOKUP($A55,Wood!$A$5:$W$1000,21,0)=0," ",VLOOKUP($A55,Wood!$A$5:$W$1000,21,0)) | AG55: =IF(VLOOKUP($A55,Wood!$A$5:$W$1000,22,0)=0," ",VLOOKUP($A55,Wood!$A$5:$W$1000,22,0)) | AH55: =IF(VLOOKUP($A55,Wood!$A$5:$W$1000,23,0)=0," ",VLOOKUP($A55,Wood!$A$5:$W$1000,23,0)) | AN55: n/a | AO55: n/a | AP55: n/a | AR55: 46108 | AT55: =NOW()-AR55 -> 206.61759 | AU55: =IFERROR(AVERAGE(J55:N55,AJ55:AP55),"n/a") -> 1
A56: 6646 | B56: 9600-NEW ZEALAND BACKLOG | C56: PANELS | D56: 0.10336 | E56: =C56 -> PANELS | J56: n/a | K56: n/a | L56: n/a | M56: n/a | N56: 0 | R56: =IF(VLOOKUP($A56,Items!$A$5:$J$1000,8,0)=0," ",VLOOKUP($A56,Items!$A$5:$J$1000,8,0)) | S56: =IF(VLOOKUP($A56,Items!$A$5:$J$1000,3,0)=0," ",VLOOKUP($A56,Items!$A$5:$J$1000,3,0)) | T56: =IF(VLOOKUP($A56,Items!$A$5:$J$1000,7,0)=0," ",VLOOKUP($A56,Items!$A$5:$J$1000,7,0)) | U56: =IF(VLOOKUP($A56,Items!$A$5:$J$1000,2,0)=0," ",VLOOKUP($A56,Items!$A$5:$J$1000,2,0)) | V56: =IF(VLOOKUP($A56,Items!$A$5:$J$1000,9,0)=0," ",VLOOKUP($A56,Items!$A$5:$J$1000,9,0)) | W56: =IF(VLOOKUP($A56,Items!$A$5:$J$1000,4,0)=0," ",VLOOKUP($A56,Items!$A$5:$J$1000,4,0)) -> 32 | X56: =IF(VLOOKUP($A56,Items!$A$5:$J$1000,6,0)=0," ",VLOOKUP($A56,Items!$A$5:$J$1000,6,0)) | Y56: =IF(VLOOKUP($A56,Items!$A$5:$J$1000,5,0)=0," ",VLOOKUP($A56,Items!$A$5:$J$1000,5,0)) | AA56: =IF(VLOOKUP($A56,Wood!$A$5:$W$1000,16,0)=0," ",VLOOKUP($A56,Wood!$A$5:$W$1000,16,0)) | AB56: =IF(VLOOKUP($A56,Wood!$A$5:$W$1000,17,0)=0," ",VLOOKUP($A56,Wood!$A$5:$W$1000,17,0)) -> 0.0096 | AC56: =IF(VLOOKUP($A56,Wood!$A$5:$W$1000,18,0)=0," ",VLOOKUP($A56,Wood!$A$5:$W$1000,18,0)) | AD56: =IF(VLOOKUP($A56,Wood!$A$5:$W$1000,19,0)=0," ",VLOOKUP($A56,Wood!$A$5:$W$1000,19,0)) | AE56: =IF(VLOOKUP($A56,Wood!$A$5:$W$1000,20,0)=0," ",VLOOKUP($A56,Wood!$A$5:$W$1000,20,0)) | AF56: =IF(VLOOKUP($A56,Wood!$A$5:$W$1000,21,0)=0," ",VLOOKUP($A56,Wood!$A$5:$W$1000,21,0)) | AG56: =IF(VLOOKUP($A56,Wood!$A$5:$W$1000,22,0)=0," ",VLOOKUP($A56,Wood!$A$5:$W$1000,22,0)) | AH56: =IF(VLOOKUP($A56,Wood!$A$5:$W$1000,23,0)=0," ",VLOOKUP($A56,Wood!$A$5:$W$1000,23,0)) | AN56: n/a | AO56: n/a | AP56: 0 | AR56: 46108 | AT56: =NOW()-AR56 -> 206.61759 | AU56: =IFERROR(AVERAGE(J56:N56,AJ56:AP56),"n/a") -> 0
A57: 9122 | B57: 19300-USA SUPERIOR SAUNA | C57: WOODEN ACCESSORIES, R-980 & DOORS | D57: 62.29 | E57: =C57 -> WOODEN ACCESSORIES, R-980 & DOORS | F57: =SUM(D57:D58) -> 69.54 | G57: TBA | H57: note: all woods need fumigation - TBA note: Schedule to be confirmed based on Cedar Wood Availability - ETA:10/24 | I57: 1x40HC | J57: n/a | K57: n/a | L57: 0 | M57: 0 | N57: n/a | R57: =IF(VLOOKUP($A57,Items!$A$5:$J$1000,8,0)=0," ",VLOOKUP($A57,Items!$A$5:$J$1000,8,0)) | S57: =IF(VLOOKUP($A57,Items!$A$5:$J$1000,3,0)=0," ",VLOOKUP($A57,Items!$A$5:$J$1000,3,0)) | T57: =IF(VLOOKUP($A57,Items!$A$5:$J$1000,7,0)=0," ",VLOOKUP($A57,Items!$A$5:$J$1000,7,0)) -> 4110 | U57: =IF(VLOOKUP($A57,Items!$A$5:$J$1000,2,0)=0," ",VLOOKUP($A57,Items!$A$5:$J$1000,2,0)) -> 189 | V57: =IF(VLOOKUP($A57,Items!$A$5:$J$1000,9,0)=0," ",VLOOKUP($A57,Items!$A$5:$J$1000,9,0)) | W57: =IF(VLOOKUP($A57,Items!$A$5:$J$1000,4,0)=0," ",VLOOKUP($A57,Items!$A$5:$J$1000,4,0)) | X57: =IF(VLOOKUP($A57,Items!$A$5:$J$1000,6,0)=0," ",VLOOKUP($A57,Items!$A$5:$J$1000,6,0)) -> 30 | Y57: =IF(VLOOKUP($A57,Items!$A$5:$J$1000,5,0)=0," ",VLOOKUP($A57,Items!$A$5:$J$1000,5,0)) -> 560 | AA57: =IF(VLOOKUP($A57,Wood!$A$5:$W$1000,16,0)=0," ",VLOOKUP($A57,Wood!$A$5:$W$1000,16,0)) -> 14.27996 | AB57: =IF(VLOOKUP($A57,Wood!$A$5:$W$1000,17,0)=0," ",VLOOKUP($A57,Wood!$A$5:$W$1000,17,0)) -> 9.25754 | AC57: =IF(VLOOKUP($A57,Wood!$A$5:$W$1000,18,0)=0," ",VLOOKUP($A57,Wood!$A$5:$W$1000,18,0)) -> 0.56988 | AD57: =IF(VLOOKUP($A57,Wood!$A$5:$W$1000,19,0)=0," ",VLOOKUP($A57,Wood!$A$5:$W$1000,19,0)) -> 2.82486 | AE57: =IF(VLOOKUP($A57,Wood!$A$5:$W$1000,20,0)=0," ",VLOOKUP($A57,Wood!$A$5:$W$1000,20,0)) | AF57: =IF(VLOOKUP($A57,Wood!$A$5:$W$1000,21,0)=0," ",VLOOKUP($A57,Wood!$A$5:$W$1000,21,0)) -> 0.0156 | AG57: =IF(VLOOKUP($A57,Wood!$A$5:$W$1000,22,0)=0," ",VLOOKUP($A57,Wood!$A$5:$W$1000,22,0)) -> 0.00016 | AH57: =IF(VLOOKUP($A57,Wood!$A$5:$W$1000,23,0)=0," ",VLOOKUP($A57,Wood!$A$5:$W$1000,23,0)) | AN57: n/a | AO57: 0 | AP57: n/a | AR57: 46297 | AS57: =IFERROR(G57-AR57,"") | AT57: =NOW()-AR57 -> 17.617591 | AU57: =IFERROR(AVERAGE(J57:N57,AJ57:AP57),"n/a") -> 0
A58: 9197 | B58: 19300-USA SUPERIOR SAUNA | C58: DOORS | D58: 7.25 | G58: TBA | J58: n/a | K58: n/a | L58: n/a | M58: 0 | N58: n/a | R58: =IF(VLOOKUP($A58,Items!$A$5:$J$1000,8,0)=0," ",VLOOKUP($A58,Items!$A$5:$J$1000,8,0)) | S58: =IF(VLOOKUP($A58,Items!$A$5:$J$1000,3,0)=0," ",VLOOKUP($A58,Items!$A$5:$J$1000,3,0)) | T58: =IF(VLOOKUP($A58,Items!$A$5:$J$1000,7,0)=0," ",VLOOKUP($A58,Items!$A$5:$J$1000,7,0)) | U58: =IF(VLOOKUP($A58,Items!$A$5:$J$1000,2,0)=0," ",VLOOKUP($A58,Items!$A$5:$J$1000,2,0)) -> 28 | V58: =IF(VLOOKUP($A58,Items!$A$5:$J$1000,9,0)=0," ",VLOOKUP($A58,Items!$A$5:$J$1000,9,0)) | W58: =IF(VLOOKUP($A58,Items!$A$5:$J$1000,4,0)=0," ",VLOOKUP($A58,Items!$A$5:$J$1000,4,0)) | X58: =IF(VLOOKUP($A58,Items!$A$5:$J$1000,6,0)=0," ",VLOOKUP($A58,Items!$A$5:$J$1000,6,0)) | Y58: =IF(VLOOKUP($A58,Items!$A$5:$J$1000,5,0)=0," ",VLOOKUP($A58,Items!$A$5:$J$1000,5,0)) | AA58: =IF(VLOOKUP($A58,Wood!$A$5:$W$1000,16,0)=0," ",VLOOKUP($A58,Wood!$A$5:$W$1000,16,0)) | AB58: =IF(VLOOKUP($A58,Wood!$A$5:$W$1000,17,0)=0," ",VLOOKUP($A58,Wood!$A$5:$W$1000,17,0)) | AC58: =IF(VLOOKUP($A58,Wood!$A$5:$W$1000,18,0)=0," ",VLOOKUP($A58,Wood!$A$5:$W$1000,18,0)) | AD58: =IF(VLOOKUP($A58,Wood!$A$5:$W$1000,19,0)=0," ",VLOOKUP($A58,Wood!$A$5:$W$1000,19,0)) | AE58: =IF(VLOOKUP($A58,Wood!$A$5:$W$1000,20,0)=0," ",VLOOKUP($A58,Wood!$A$5:$W$1000,20,0)) | AF58: =IF(VLOOKUP($A58,Wood!$A$5:$W$1000,21,0)=0," ",VLOOKUP($A58,Wood!$A$5:$W$1000,21,0)) | AG58: =IF(VLOOKUP($A58,Wood!$A$5:$W$1000,22,0)=0," ",VLOOKUP($A58,Wood!$A$5:$W$1000,22,0)) | AH58: =IF(VLOOKUP($A58,Wood!$A$5:$W$1000,23,0)=0," ",VLOOKUP($A58,Wood!$A$5:$W$1000,23,0)) | AN58: n/a | AO58: 0 | AP58: n/a | AR58: 46303 | AS58: =IFERROR(G58-AR58,"") | AT58: =NOW()-AR58 -> 11.617591 | AU58: =IFERROR(AVERAGE(J58:N58,AJ58:AP58),"n/a") -> 0
A59: 6542 | B59: 75100-JORDAN BACKLOG | C59: WOODEN ACCESSORIES | D59: 0.0296 | E59: =C59 -> WOODEN ACCESSORIES | F59: =D59 -> 0.0296 | G59: TBA | H59: note: offload as advised by client | J59: n/a | K59: n/a | L59: 1 | M59: n/a | N59: n/a | R59: =IF(VLOOKUP($A59,Items!$A$5:$J$1000,8,0)=0," ",VLOOKUP($A59,Items!$A$5:$J$1000,8,0)) | S59: =IF(VLOOKUP($A59,Items!$A$5:$J$1000,3,0)=0," ",VLOOKUP($A59,Items!$A$5:$J$1000,3,0)) | T59: =IF(VLOOKUP($A59,Items!$A$5:$J$1000,7,0)=0," ",VLOOKUP($A59,Items!$A$5:$J$1000,7,0)) | U59: =IF(VLOOKUP($A59,Items!$A$5:$J$1000,2,0)=0," ",VLOOKUP($A59,Items!$A$5:$J$1000,2,0)) | V59: =IF(VLOOKUP($A59,Items!$A$5:$J$1000,9,0)=0," ",VLOOKUP($A59,Items!$A$5:$J$1000,9,0)) | W59: =IF(VLOOKUP($A59,Items!$A$5:$J$1000,4,0)=0," ",VLOOKUP($A59,Items!$A$5:$J$1000,4,0)) | X59: =IF(VLOOKUP($A59,Items!$A$5:$J$1000,6,0)=0," ",VLOOKUP($A59,Items!$A$5:$J$1000,6,0)) | Y59: =IF(VLOOKUP($A59,Items!$A$5:$J$1000,5,0)=0," ",VLOOKUP($A59,Items!$A$5:$J$1000,5,0)) | AA59: =IF(VLOOKUP($A59,Wood!$A$5:$W$1000,16,0)=0," ",VLOOKUP($A59,Wood!$A$5:$W$1000,16,0)) | AB59: =IF(VLOOKUP($A59,Wood!$A$5:$W$1000,17,0)=0," ",VLOOKUP($A59,Wood!$A$5:$W$1000,17,0)) | AC59: =IF(VLOOKUP($A59,Wood!$A$5:$W$1000,18,0)=0," ",VLOOKUP($A59,Wood!$A$5:$W$1000,18,0)) | AD59: =IF(VLOOKUP($A59,Wood!$A$5:$W$1000,19,0)=0," ",VLOOKUP($A59,Wood!$A$5:$W$1000,19,0)) | AE59: =IF(VLOOKUP($A59,Wood!$A$5:$W$1000,20,0)=0," ",VLOOKUP($A59,Wood!$A$5:$W$1000,20,0)) | AF59: =IF(VLOOKUP($A59,Wood!$A$5:$W$1000,21,0)=0," ",VLOOKUP($A59,Wood!$A$5:$W$1000,21,0)) | AG59: =IF(VLOOKUP($A59,Wood!$A$5:$W$1000,22,0)=0," ",VLOOKUP($A59,Wood!$A$5:$W$1000,22,0)) | AH59: =IF(VLOOKUP($A59,Wood!$A$5:$W$1000,23,0)=0," ",VLOOKUP($A59,Wood!$A$5:$W$1000,23,0)) | AN59: n/a | AO59: n/a | AP59: n/a | AR59: 46099 | AS59: =IFERROR(G59-AR59,"") | AT59: =NOW()-AR59 -> 215.61759 | AU59: =IFERROR(AVERAGE(J59:N59,AJ59:AP59),"n/a") -> 1

Sheet Prod Load
A2: Production Load in Days
A3: As of October 16, 2026
A4: Note: Manpower Update as of July 28, 2026 | B4: Stone Processing | C4: Tool & Die | D4: Plastic Injection | E4: Box Cutting | F4: Laser Cutting | G4: Metal Stamping | H4: Pre-assembly | I4: Control Unit Assembly | J4: Electrical Assembly | K4: Heaters Assembly | L4: WWP1- Assembly and Packing | M4: WWP1-Parts Prep to Sanding | N4: Wood Working P1 Doors | O4: Wood Working P2 Machining | P4: Wood Working P2 Sauna Fabrication | Q4: Total
A5: Operators | B5: 4 | C5: 3 | G5: =14+11+4 -> 29 | H5: =7+5+3 -> 15 | I5: 4 | J5: 6 | K5: =6+5 -> 11 | L5: 11 | M5: 55 | N5: =6+4 -> 10 | O5: 30 | P5: 17 | Q5: =SUM(B5:P5) -> 195
A6: Manager/Supervisor | C6: 1 | G6: 1 | H6: 1 | J6: 2 | K6: 2 | L6: 1 | O6: 3 | P6: 1 | Q6: =SUM(B6:P6) -> 12
A7: Clerk | C7: 1 | H7: 1 | J7: 1 | K7: 1 | L7: 1 | P7: 1 | Q7: =SUM(B7:P7) -> 6
A8: Section Head | H8: 1 | I8: 1 | K8: 1 | M8: 1 | P8: 1 | Q8: =SUM(B8:P8) -> 5
A9: Group Leader | B9: 1 | C9: 1 | G9: 2 | H9: 2 | J9: 1 | K9: 2 | L9: 2 | M9: 7 | N9: 1 | O9: 5 | P9: 2 | Q9: =SUM(B9:P9) -> 26
A10: Key Person/Expediter/Material Handler | C10: 1 | G10: =1+1 -> 2 | H10: 2 | I10: 1 | J10: 1 | K10: 2 | L10: 2 | M10: 5 | O10: 3 | P10: 2 | Q10: =SUM(B10:P10) -> 21
A11: Crate Maker | P11: 2 | Q11: =SUM(B11:P11) -> 2
A12: Material Preparation | O12: 34 | Q12: =SUM(B12:P12) -> 34
A13: Dust Collector/Utility/Boiler/Tool Keeper/Driver/Pellet | M13: 2 | O13: =2+1+1+1 -> 5 | Q13: =SUM(B13:P13) -> 7
A14: Total Manpower | B14: =SUM(B5:B13) -> 5 | C14: =SUM(C5:C13) -> 7 | G14: =SUM(G5:G13) -> 34 | H14: =SUM(H5:H13) -> 22 | I14: =SUM(I5:I13) -> 6 | J14: =SUM(J5:J13) -> 11 | K14: =SUM(K5:K13) -> 19 | L14: =SUM(L5:L13) -> 17 | M14: =SUM(M5:M13) -> 70 | N14: =SUM(N5:N13) -> 11 | ... P14: =SUM(P5:P13) -> 26 | Q14: =SUM(B14:P14) -> 308
A15: Total MP (for manhours computation of load in days) | B15: =SUM(B5)+(B9/2) -> 4.5 | C15: =SUM(C5)+(C10/2) -> 3.5 | D15: 2 | E15: 2 | F15: 14 | G15: =SUM(G5) -> 29 | H15: =SUM(H5) -> 15 | I15: =SUM(I5) -> 4 | J15: =SUM(J5) -> 6 | K15: =SUM(K5) -> 11 | L15: =(L5+((SUM(L9:L10)/2))) -> 13 | M15: =(M5+((SUM(M9:M10)/2))) -> 61 | N15: =SUM(N5) -> 10 | O15: =+O5 -> 30 | P15: =P5-2 -> 15 | Q15: =SUM(B15:P15) -> 220
A16: Load in Days (This Week) | B16: 4 | C16: 11 | D16: 0 | E16: 1 | F16: 2 | G16: 10 | H16: 5.5 | I16: 10.63 | J16: 14.6 | K16: 0.1 | L16: ='WWP1-AP'!L4 -> 47.031921 | M16: ='WWP1-PPS'!L4 -> 24.507039 | N16: =DA!L4 -> 14.781506 | O16: =SUM('MP2-SFP2'!K4,'MP2-DA'!L4) -> 36.412302 | P16: ='SFP2'!L4 -> 16.998593
A17: Load in Days (SSE) | B17: =SP!K3 -> 0 | C17: ='T&D'!K3 -> 0.00082271062 | G17: =MS!K3 -> 0.16780342 | H17: =PA!K3 -> 0.060582143 | I17: =CUA!L3 -> 5.9779366 | J17: =EA!L3 -> 0.0090603175 | K17: =HAP!L3 -> 0.061438299 | L17: ='WWP1-AP'!L3 -> 0 | M17: ='WWP1-PPS'!L3 -> 0 | N17: 0 | O17: 0 | P17: 0
A18: Load in Days (w/o SSE) | B18: =B16-B17 -> 4 | C18: =C16-C17 -> 10.999177 | G18: =G16-G17 -> 9.8321966 | H18: =H16-H17 -> 5.4394179 | I18: =I16-I17 -> 4.6520634 | J18: =J16-J17 -> 14.59094 | K18: =K16-K17 -> 0.038561701 | L18: =L16-L17 -> 47.031921 | M18: =M16-M17 -> 24.507039 | N18: =N16-N17 -> 14.781506 | ... P18: =P16-P17 -> 16.998593
A19: Operating Hrs | B19: 1 shift - compressed | C19: 1 shift - compressed | G19: 24/6 - w/ OT | H19: 1 shift - compressed | I19: 1 shift - compressed | J19: 1 shift - compressed | K19: 1 shift - compressed | L19: 1 shift - compressed | M19: 2 shifts - skeletal for 2nd shift | N19: 1 shift - compressed | O19: 24/6 - w/o OT | P19: 1 shift - compressed
A20: Planned Operating Hrs | C20: 16/6 - w/o OT | G20: 24/6 - w/o OT | H20: 24/6 - skeletal only in 2nd shift | J20: 24/6 - w/ OT | K20: full capacity in 1 shift | M20: 24/6 - w/ OT
A22: Load in Days (Previous Week) | B22: 4 | C22: 12 | D22: 16 | E22: 5 | F22: 5 | G22: 11 | H22: 7.9 | I22: 13.04 | J22: 7 | K22: 0.4 | L22: 46.693865 | M22: 22.674175 | N22: 14.699247 | O22: 45.484808 | P22: 17.047987
A23: % Increase/(Decrease) | B23: =IF(B22=0,"-",(B16-B22)/B22) -> 0 | C23: =IF(C22=0,"-",(C16-C22)/C22) -> -0.083333333 | D23: =IF(D22=0,"-",(D16-D22)/D22) -> -1 | E23: =IF(E22=0,"-",(E16-E22)/E22) -> -0.8 | F23: =IF(F22=0,"-",(F16-F22)/F22) -> -0.6 | G23: =IF(G22=0,"-",(G16-G22)/G22) -> -0.090909091 | H23: =IF(H22=0,"-",(H16-H22)/H22) -> -0.30379747 | I23: =IF(I22=0,"-",(I16-I22)/I22) -> -0.18481595 | ... P23: =IF(P22=0,"-",(P16-P22)/P22) -> -0.0028973463
A25: Remaining order quantities currently in process and for processing:
A26: PRODUCT | B26: Quantity
A27: Controls | B27: =CUA!F4 -> 754
A28: Heaters | B28: =HAP!F4 -> 397
A29: Wooden Accessories | B29: ='WWP1-AP'!F4 -> 28019
A30: Doors | B30: =DA!F4 -> 795
A31: Sauna Rooms | B31: ='SFP2'!F4 -> 43

Sheet T&D
AB1: 0 | AC1: 0 | AH1: 0 | AI1: 0 | AN1: 0 | AO1: 0 | AP1: 0 | AQ1: 0 | AR1: 0 | AS1: 0 | AT1: 0 | AU1: 0 | AV1: 0 | AW1: 0 | AX1: 0 | AY1: 0 | AZ1: 0 | BA1: 0 | BB1: 0 | BC1: 0 | BD1: 0 | BE1: 0 | BF1: 0 | BG1: 0 | BH1: 0 | BI1: 0 | BJ1: 0 | BK1: 0 | BL1: 0 | BM1: 0 | BN1: 0 | BO1: 0 | BP1: 0 | BQ1: 0 | BR1: 0 | BS1: 0 | BT1: 0 | BU1: 0 | BV1: 0 | BW1: 0 | BX1: 0 | BY1: 0 | BZ1: 0 | CA1: 0 | CB1: 0 | CC1: 0 | CD1: 0
A2: TOOL & DIE GANTT CHART | K2: =K4-K3 -> 0.29963242 | Q2: w/O OT | R2: w/O OT | S2: w/O OT | T2: w/O OT | U2: Fri | V2: Sat | W2: w/O OT | X2: w/O OT | Y2: w/O OT | Z2: w/O OT | AA2: Fri | AB2: Sat | AC2: w/O OT | AD2: w/O OT | AE2: w/O OT | AF2: w/O OT | AG2: Fri | AH2: Sat | AI2: w/O OT | AJ2: w/O OT | AK2: w/O OT | AL2: w/O OT | AM2: Fri | AN2: Sat | AO2: w/O OT | AP2: w/O OT | AQ2: w/O OT | AR2: w/O OT | AS2: Fri | AT2: Sat | AU2: w/O OT | AV2: w/O OT | AW2: w/O OT | AX2: w/O OT | AY2: Fri | AZ2: Sat | BA2: w/O OT | BB2: w/O OT | BC2: w/O OT | BD2: w/O OT | BE2: Fri | BF2: Sat | BG2: w/O OT | BH2: w/O OT | BI2: w/O OT | BJ2: w/O OT | BK2: Fri | BL2: Sat | BM2: w/O OT | BN2: w/O OT | BO2: w/O OT | BP2: w/O OT | BQ2: Fri | BR2: Sat | BS2: w/O OT | BT2: w/O OT | BU2: w/O OT | BV2: w/O OT | BW2: Fri | BX2: Sat | BY2: w/O OT | BZ2: w/O OT | CA2: w/O OT | CB2: w/O OT | CC2: Fri | CD2: Sat
C3: LEGEND: | D3: ▲ | E3: TARGET | K3: =K41+K43 -> 0.00082271062 | N3: SAWO EUROPE | Q3: =M4 -> 46314 | R3: =Q3+1 -> 46315 | S3: =R3+1 -> 46316 | T3: =S3+1 -> 46317 | U3: =T3+1 -> 46318 | V3: =U3+1 -> 46319 | W3: =+V3+2 -> 46321 | X3: =W3+1 -> 46322 | Y3: =X3+1 -> 46323 | Z3: =Y3+1 -> 46324 | AA3: =Z3+1 -> 46325 | AB3: =AA3+1 -> 46326 | AC3: =+AB3+2 -> 46328 | AD3: =AC3+1 -> 46329 | AE3: =AD3+1 -> 46330 | AF3: =AE3+1 -> 46331 | AG3: =AF3+1 -> 46332 | AH3: =AG3+1 -> 46333 | AI3: =+AH3+2 -> 46335 | AJ3: =AI3+1 -> 46336 | AK3: =AJ3+1 -> 46337 | AL3: =AK3+1 -> 46338 | AM3: =AL3+1 -> 46339 | AN3: =AM3+1 -> 46340 | AO3: =+AN3+2 -> 46342 | AP3: =AO3+1 -> 46343 | AQ3: =AP3+1 -> 46344 | AR3: =AQ3+1 -> 46345 | AS3: =AR3+1 -> 46346 | AT3: =AS3+1 -> 46347 | AU3: =+AT3+2 -> 46349 | AV3: =AU3+1 -> 46350 | AW3: =AV3+1 -> 46351 | AX3: =AW3+1 -> 46352 | AY3: =AX3+1 -> 46353 | AZ3: =AY3+1 -> 46354 | BA3: =+AZ3+2 -> 46356 | BB3: =BA3+1 -> 46357 | BC3: =BB3+1 -> 46358 | BD3: =BC3+1 -> 46359 | BE3: =BD3+1 -> 46360 | BF3: =BE3+1 -> 46361 | BG3: =+BF3+2 -> 46363 | BH3: =BG3+1 -> 46364 | BI3: =BH3+1 -> 46365 | BJ3: =BI3+1 -> 46366 | BK3: =BJ3+1 -> 46367 | BL3: =BK3+1 -> 46368 | BM3: =+BL3+2 -> 46370 | BN3: =BM3+1 -> 46371 | BO3: =BN3+1 -> 46372 | BP3: =BO3+1 -> 46373 | BQ3: =BP3+1 -> 46374 | BR3: =BQ3+1 -> 46375 | BS3: =+BR3+2 -> 46377 | BT3: =BS3+1 -> 46378 | BU3: =BT3+1 -> 46379 | BV3: =BU3+1 -> 46380 | BW3: =BV3+1 -> 46381 | BX3: =BW3+1 -> 46382 | BY3: =+BX3+2 -> 46384 | BZ3: =BY3+1 -> 46385 | CA3: =BZ3+1 -> 46386 | CB3: =CA3+1 -> 46387 | CC3: =CB3+1 -> 46388 | CD3: =CC3+1 -> 46389
E4: REQD DAYS | H4: =45.5/5 -> 9.1 | K4: =SUM(K8:K4528) -> 0.30045513 | M4: 46314 | Q4: 45817 | R4: =Q4+1 -> 45818 | S4: =R4+1 -> 45819 | T4: =S4+1 -> 45820 | U4: =T4+1 -> 45821 | V4: =U4+1 -> 45822 | W4: =+V4+2 -> 45824 | X4: =W4+1 -> 45825 | Y4: =X4+1 -> 45826 | Z4: =Y4+1 -> 45827 | AA4: =Z4+1 -> 45828 | AB4: =AA4+1 -> 45829 | AC4: =+AB4+2 -> 45831 | AD4: =AC4+1 -> 45832 | AE4: =AD4+1 -> 45833 | AF4: =AE4+1 -> 45834 | AG4: =AF4+1 -> 45835 | AH4: =AG4+1 -> 45836 | AI4: =+AH4+2 -> 45838 | AJ4: =AI4+1 -> 45839 | AK4: =AJ4+1 -> 45840 | AL4: =AK4+1 -> 45841 | AM4: =AL4+1 -> 45842 | AN4: =AM4+1 -> 45843 | AO4: =+AN4+2 -> 45845 | AP4: =AO4+1 -> 45846 | AQ4: =AP4+1 -> 45847 | AR4: =AQ4+1 -> 45848 | AS4: =AR4+1 -> 45849 | AT4: =AS4+1 -> 45850 | AU4: =+AT4+2 -> 45852 | AV4: =AU4+1 -> 45853 | AW4: =AV4+1 -> 45854 | AX4: =AW4+1 -> 45855 | AY4: =AX4+1 -> 45856 | AZ4: =AY4+1 -> 45857 | BA4: =+AZ4+2 -> 45859 | BB4: =BA4+1 -> 45860 | BC4: =BB4+1 -> 45861 | BD4: =BC4+1 -> 45862 | BE4: =BD4+1 -> 45863 | BF4: =BE4+1 -> 45864 | BG4: =+BF4+2 -> 45866 | BH4: =BG4+1 -> 45867 | BI4: =BH4+1 -> 45868 | BJ4: =BI4+1 -> 45869 | BK4: =BJ4+1 -> 45870 | BL4: =BK4+1 -> 45871 | BM4: =+BL4+2 -> 45873 | BN4: =BM4+1 -> 45874 | BO4: =BN4+1 -> 45875 | BP4: =BO4+1 -> 45876 | BQ4: =BP4+1 -> 45877 | BR4: =BQ4+1 -> 45878 | BS4: =+BR4+2 -> 45880 | BT4: =BS4+1 -> 45881 | BU4: =BT4+1 -> 45882 | BV4: =BU4+1 -> 45883 | BW4: =BV4+1 -> 45884 | BX4: =BW4+1 -> 45885 | BY4: =+BX4+2 -> 45887 | BZ4: =BY4+1 -> 45888 | CA4: =BZ4+1 -> 45889 | CB4: =CA4+1 -> 45890 | CC4: =CB4+1 -> 45891 | CD4: =CC4+1 -> 45892
A5: SO # | B5: CUST. CODE-DESTINATION | C5: CBM | D5: TYPE OF CARGO | E5: TARGET DATE | F5: TOTAL PROCESSING HOURS | G5: TOTAL MANPOWER | H5: AVAILABLE MANHOURS | I5: SO REQD DAYS | J5: SO REQD HOURS | K5: REQD DAYS | L5: REQD HOURS | M5: START DATE | N5: END DATE | O5: COMPLETION RATE | P5: PLANNED HRS | Q5: {=_xlfn.IFS(Q2="w/ OT",12.25,Q2="w/o OT",9.5,Q2="FRI",7.5,Q2="SAT",7.5,Q2="SUN",7.5,Q2="OFF",0)} -> 9.5 | R5: {=_xlfn.IFS(R2="w/ OT",12.25,R2="w/o OT",9.5,R2="FRI",7.5,R2="SAT",7.5,R2="SUN",7.5,R2="OFF",0)} -> 9.5 | S5: {=_xlfn.IFS(S2="w/ OT",12.25,S2="w/o OT",9.5,S2="FRI",7.5,S2="SAT",7.5,S2="SUN",7.5,S2="OFF",0)} -> 9.5 | T5: {=_xlfn.IFS(T2="w/ OT",12.25,T2="w/o OT",9.5,T2="FRI",7.5,T2="SAT",7.5,T2="SUN",7.5,T2="OFF",0)} -> 9.5 | U5: {=_xlfn.IFS(U2="w/ OT",12.25,U2="w/o OT",9.5,U2="FRI",7.5,U2="SAT",7.5,U2="SUN",7.5,U2="OFF",0)} -> 7.5 | V5: {=_xlfn.IFS(V2="w/ OT",12.25,V2="w/o OT",9.5,V2="FRI",7.5,V2="SAT",7.5,V2="SUN",7.5,V2="OFF",0)} -> 7.5 | W5: {=_xlfn.IFS(W2="w/ OT",12.25,W2="w/o OT",9.5,W2="FRI",7.5,W2="SAT",7.5,W2="SUN",7.5,W2="OFF",0)} -> 9.5 | X5: {=_xlfn.IFS(X2="w/ OT",12.25,X2="w/o OT",9.5,X2="FRI",7.5,X2="SAT",7.5,X2="SUN",7.5,X2="OFF",0)} -> 9.5 | ... CD5: {=_xlfn.IFS(CD2="w/ OT",12.25,CD2="w/o OT",9.5,CD2="FRI",7.5,CD2="SAT",7.5,CD2="SUN",7.5,CD2="OFF",0)} -> 7.5
P6: ACTUAL HRS
A8: =SHIPMENTS!A14 -> 9296 | B8: =SHIPMENTS!B14 -> 15900- Makati |Techiron Resources Inc. | C8: =SHIPMENTS!F14 -> 0.05 | D8: =IF((SHIPMENTS!I14)=0,"",SHIPMENTS!I14) | E8: =IF((SHIPMENTS!G14)=0,"",SHIPMENTS!G14) -> 46314 | F8: =VLOOKUP(A8,load!$A$4:$U$5001,18,0) -> 0 | G8: =Manhours!$C$15 -> 5 | H8: =+G8*$H$4 -> 45.5 | I8: =F8/H8 -> 0 | J8: =+I8*$H$4 -> 0 | K8: =IFERROR(I8-(I8*O8),0) -> 0 | L8: =IFERROR(J8-(J8*O8),0) -> 0 | M8: =M4 -> 46314 | N8: =M8+K8 -> 46314 | O8: =VLOOKUP(A8,SHIPMENTS!$A$7:$AP$76,11,0) -> 0 | Q8: =IF($E8=Q$3,"▲","") -> ▲ | R8: =IF($E8=R$3,"▲","") | S8: =IF($E8=S$3,"▲","") | T8: =IF($E8=T$3,"▲","") | U8: =IF($E8=U$3,"▲","") | V8: =IF($E8=V$3,"▲","") | W8: =IF($E8=W$3,"▲","") | X8: =IF($E8=X$3,"▲","") | ... CD8: =IF($E8=CD$3,"▲","")
A9: =SHIPMENTS!A15 -> 9309 | B9: =SHIPMENTS!B15 -> 43940-THAILAND | C9: =SHIPMENTS!F15 -> 0.06403 | D9: =IF((SHIPMENTS!I15)=0,"",SHIPMENTS!I15) -> AIR | E9: =IF((SHIPMENTS!G15)=0,"",SHIPMENTS!G15) -> 46314 | F9: =VLOOKUP(A9,load!$A$4:$U$5001,18,0) -> 0 | G9: =Manhours!$C$15 -> 5 | H9: =+G9*$H$4 -> 45.5 | I9: =F9/H9 -> 0 | J9: =+I9*$H$4 -> 0 | K9: =IFERROR(I9-(I9*O9),0) -> 0 | L9: =IFERROR(J9-(J9*O9),0) -> 0 | M9: =N8 -> 46314 | N9: =M9+K9 -> 46314 | O9: =VLOOKUP(A9,SHIPMENTS!$A$7:$AP$76,11,0) -> 0 | Q9: =IF($E9=Q$3,"▲","") -> ▲ | R9: =IF($E9=R$3,"▲","") | S9: =IF($E9=S$3,"▲","") | T9: =IF($E9=T$3,"▲","") | U9: =IF($E9=U$3,"▲","") | V9: =IF($E9=V$3,"▲","") | W9: =IF($E9=W$3,"▲","") | X9: =IF($E9=X$3,"▲","") | ... CD9: =IF($E9=CD$3,"▲","")
A10: =SHIPMENTS!A16 -> 9117 | B10: =SHIPMENTS!B16 -> 41700-CANADA BSAUNAS | C10: =SHIPMENTS!F16 -> 83.268 | D10: =IF((SHIPMENTS!I16)=0,"",SHIPMENTS!I16) -> 1X40HC | E10: =IF((SHIPMENTS!G16)=0,"",SHIPMENTS!G16) -> 46315 | F10: =VLOOKUP(A10,load!$A$4:$U$5001,18,0) -> 7.6133333 | G10: =Manhours!$C$15 -> 5 | H10: =+G10*$H$4 -> 45.5 | I10: =F10/H10 -> 0.16732601 | J10: =+I10*$H$4 -> 1.5226667 | K10: =IFERROR(I10-(I10*O10),0) -> 0 | L10: =IFERROR(J10-(J10*O10),0) -> 0 | M10: =N9 -> 46314 | N10: =M10+K10 -> 46314 | O10: =VLOOKUP(A10,SHIPMENTS!$A$7:$AP$76,11,0) -> n/a | Q10: =IF($E10=Q$3,"▲","") | R10: =IF($E10=R$3,"▲","") -> ▲ | S10: =IF($E10=S$3,"▲","") | T10: =IF($E10=T$3,"▲","") | U10: =IF($E10=U$3,"▲","") | V10: =IF($E10=V$3,"▲","") | W10: =IF($E10=W$3,"▲","") | X10: =IF($E10=X$3,"▲","") | ... CD10: =IF($E10=CD$3,"▲","")
A11: =SHIPMENTS!A17 -> 8641 | B11: =SHIPMENTS!B17 -> 41700-CANADA BSAUNAS BACKLOG | C11: =SHIPMENTS!F17 -> 0 | D11: =IF((SHIPMENTS!I17)=0,"",SHIPMENTS!I17) | E11: =IF((SHIPMENTS!G17)=0,"",SHIPMENTS!G17) -> 46315 | F11: =VLOOKUP(A11,load!$A$4:$U$5001,18,0) -> 43.234333 | G11: =Manhours!$C$15 -> 5 | H11: =+G11*$H$4 -> 45.5 | I11: =F11/H11 -> 0.95020513 | J11: =+I11*$H$4 -> 8.6468667 | K11: =IFERROR(I11-(I11*O11),0) -> 0 | L11: =IFERROR(J11-(J11*O11),0) -> 0 | M11: =N10 -> 46314 | N11: =M11+K11 -> 46314 | O11: =VLOOKUP(A11,SHIPMENTS!$A$7:$AP$76,11,0) -> n/a | Q11: =IF($E11=Q$3,"▲","") | R11: =IF($E11=R$3,"▲","") -> ▲ | S11: =IF($E11=S$3,"▲","") | T11: =IF($E11=T$3,"▲","") | U11: =IF($E11=U$3,"▲","") | V11: =IF($E11=V$3,"▲","") | W11: =IF($E11=W$3,"▲","") | X11: =IF($E11=X$3,"▲","") | ... CD11: =IF($E11=CD$3,"▲","")
A12: =SHIPMENTS!A18 -> 8102 | B12: =SHIPMENTS!B18 -> 41700-CANADA BSAUNAS BACKLOG | C12: =SHIPMENTS!F18 -> 0 | D12: =IF((SHIPMENTS!I18)=0,"",SHIPMENTS!I18) | E12: =IF((SHIPMENTS!G18)=0,"",SHIPMENTS!G18) -> 46315 | F12: =VLOOKUP(A12,load!$A$4:$U$5001,18,0) -> 0 | G12: =Manhours!$C$15 -> 5 | H12: =+G12*$H$4 -> 45.5 | I12: =F12/H12 -> 0 | J12: =+I12*$H$4 -> 0 | K12: =IFERROR(I12-(I12*O12),0) -> 0 | L12: =IFERROR(J12-(J12*O12),0) -> 0 | M12: =N11 -> 46314 | N12: =M12+K12 -> 46314 | O12: =VLOOKUP(A12,SHIPMENTS!$A$7:$AP$76,11,0) -> n/a | Q12: =IF($E12=Q$3,"▲","") | R12: =IF($E12=R$3,"▲","") -> ▲ | S12: =IF($E12=S$3,"▲","") | T12: =IF($E12=T$3,"▲","") | U12: =IF($E12=U$3,"▲","") | V12: =IF($E12=V$3,"▲","") | W12: =IF($E12=W$3,"▲","") | X12: =IF($E12=X$3,"▲","") | ... CD12: =IF($E12=CD$3,"▲","")
A13: =SHIPMENTS!A19 -> 5928 | B13: =SHIPMENTS!B19 -> 41700-CANADA BSAUNAS BACKLOG | C13: =SHIPMENTS!F19 -> 0 | D13: =IF((SHIPMENTS!I19)=0,"",SHIPMENTS!I19) | E13: =IF((SHIPMENTS!G19)=0,"",SHIPMENTS!G19) | F13: =VLOOKUP(A13,load!$A$4:$U$5001,18,0) -> 13.133333 | G13: =Manhours!$C$15 -> 5 | H13: =+G13*$H$4 -> 45.5 | I13: =F13/H13 -> 0.28864469 | J13: =+I13*$H$4 -> 2.6266667 | K13: =IFERROR(I13-(I13*O13),0) -> 0 | L13: =IFERROR(J13-(J13*O13),0) -> 0 | M13: =N12 -> 46314 | N13: =M13+K13 -> 46314 | O13: =VLOOKUP(A13,SHIPMENTS!$A$7:$AP$76,11,0) -> n/a | Q13: =IF($E13=Q$3,"▲","") | R13: =IF($E13=R$3,"▲","") | S13: =IF($E13=S$3,"▲","") | T13: =IF($E13=T$3,"▲","") | U13: =IF($E13=U$3,"▲","") | V13: =IF($E13=V$3,"▲","") | W13: =IF($E13=W$3,"▲","") | X13: =IF($E13=X$3,"▲","") | ... CD13: =IF($E13=CD$3,"▲","")
A14: =SHIPMENTS!A20 -> 4781 | B14: =SHIPMENTS!B20 -> 41700-CANADA BSAUNAS BACKLOG | C14: =SHIPMENTS!F20 -> 0 | D14: =IF((SHIPMENTS!I20)=0,"",SHIPMENTS!I20) | E14: =IF((SHIPMENTS!G20)=0,"",SHIPMENTS!G20) | F14: =VLOOKUP(A14,load!$A$4:$U$5001,18,0) -> 6.3816667 | G14: =Manhours!$C$15 -> 5 | H14: =+G14*$H$4 -> 45.5 | I14: =F14/H14 -> 0.14025641 | J14: =+I14*$H$4 -> 1.2763333 | K14: =IFERROR(I14-(I14*O14),0) -> 0 | L14: =IFERROR(J14-(J14*O14),0) -> 0 | M14: =N13 -> 46314 | N14: =M14+K14 -> 46314 | O14: =VLOOKUP(A14,SHIPMENTS!$A$7:$AP$76,11,0) -> n/a | Q14: =IF($E14=Q$3,"▲","") | R14: =IF($E14=R$3,"▲","") | S14: =IF($E14=S$3,"▲","") | T14: =IF($E14=T$3,"▲","") | U14: =IF($E14=U$3,"▲","") | V14: =IF($E14=V$3,"▲","") | W14: =IF($E14=W$3,"▲","") | X14: =IF($E14=X$3,"▲","") | ... CD14: =IF($E14=CD$3,"▲","")
A15: =SHIPMENTS!A21 -> 9259 | B15: =SHIPMENTS!B21 -> 27200-UAE | C15: =SHIPMENTS!F21 -> 0.07 | D15: =IF((SHIPMENTS!I21)=0,"",SHIPMENTS!I21) -> AIR | E15: =IF((SHIPMENTS!G21)=0,"",SHIPMENTS!G21) -> 46316 | F15: =VLOOKUP(A15,load!$A$4:$U$5001,18,0) -> 0 | G15: =Manhours!$C$15 -> 5 | H15: =+G15*$H$4 -> 45.5 | I15: =F15/H15 -> 0 | J15: =+I15*$H$4 -> 0 | K15: =IFERROR(I15-(I15*O15),0) -> 0 | L15: =IFERROR(J15-(J15*O15),0) -> 0 | M15: =N14 -> 46314 | N15: =M15+K15 -> 46314 | O15: =VLOOKUP(A15,SHIPMENTS!$A$7:$AP$76,11,0) -> 0 | Q15: =IF($E15=Q$3,"▲","") | R15: =IF($E15=R$3,"▲","") | S15: =IF($E15=S$3,"▲","") -> ▲ | T15: =IF($E15=T$3,"▲","") | U15: =IF($E15=U$3,"▲","") | V15: =IF($E15=V$3,"▲","") | W15: =IF($E15=W$3,"▲","") | X15: =IF($E15=X$3,"▲","") | ... CD15: =IF($E15=CD$3,"▲","")
A16: =SHIPMENTS!A22 -> 8765 | B16: =SHIPMENTS!B22 -> 8200-AUSTRALIA | C16: =SHIPMENTS!F22 -> 64.93 | D16: =IF((SHIPMENTS!I22)=0,"",SHIPMENTS!I22) -> 1X40HC | E16: =IF((SHIPMENTS!G22)=0,"",SHIPMENTS!G22) -> 46316 | F16: =VLOOKUP(A16,load!$A$4:$U$5001,18,0) -> 68.522167 | G16: =Manhours!$C$15 -> 5 | H16: =+G16*$H$4 -> 45.5 | I16: =F16/H16 -> 1.5059817 | J16: =+I16*$H$4 -> 13.704433 | K16: =IFERROR(I16-(I16*O16),0) -> 0.19577762 | L16: =IFERROR(J16-(J16*O16),0) -> 1.7815763 | M16: =N15 -> 46314 | N16: =M16+K16 -> 46314.196 | O16: =VLOOKUP(A16,SHIPMENTS!$A$7:$AP$76,11,0) -> 0.87 | Q16: =IF($E16=Q$3,"▲","") | R16: =IF($E16=R$3,"▲","") | S16: =IF($E16=S$3,"▲","") -> ▲ | T16: =IF($E16=T$3,"▲","") | U16: =IF($E16=U$3,"▲","") | V16: =IF($E16=V$3,"▲","") | W16: =IF($E16=W$3,"▲","") | X16: =IF($E16=X$3,"▲","") | ... CD16: =IF($E16=CD$3,"▲","")
A17: =SHIPMENTS!A23 -> 7919 | B17: =SHIPMENTS!B23 -> 8200-AUSTRALIA | C17: =SHIPMENTS!F23 -> 0 | D17: =IF((SHIPMENTS!I23)=0,"",SHIPMENTS!I23) | E17: =IF((SHIPMENTS!G23)=0,"",SHIPMENTS!G23) | F17: =VLOOKUP(A17,load!$A$4:$U$5001,18,0) -> 0 | G17: =Manhours!$C$15 -> 5 | H17: =+G17*$H$4 -> 45.5 | I17: =F17/H17 -> 0 | J17: =+I17*$H$4 -> 0 | K17: =IFERROR(I17-(I17*O17),0) -> 0 | L17: =IFERROR(J17-(J17*O17),0) -> 0 | M17: =N16 -> 46314.196 | N17: =M17+K17 -> 46314.196 | O17: =VLOOKUP(A17,SHIPMENTS!$A$7:$AP$76,11,0) -> 1 | Q17: =IF($E17=Q$3,"▲","") | R17: =IF($E17=R$3,"▲","") | S17: =IF($E17=S$3,"▲","") | T17: =IF($E17=T$3,"▲","") | U17: =IF($E17=U$3,"▲","") | V17: =IF($E17=V$3,"▲","") | W17: =IF($E17=W$3,"▲","") | X17: =IF($E17=X$3,"▲","") | ... CD17: =IF($E17=CD$3,"▲","")
A18: =SHIPMENTS!A24 -> 9015 | B18: =SHIPMENTS!B24 -> 15900- Mandaue City | Atty. Brando Raya | C18: =SHIPMENTS!F24 -> 0.256 | D18: =IF((SHIPMENTS!I24)=0,"",SHIPMENTS!I24) -> LCL | E18: =IF((SHIPMENTS!G24)=0,"",SHIPMENTS!G24) -> 46323 | F18: =VLOOKUP(A18,load!$A$4:$U$5001,18,0) -> 0.1865 | G18: =Manhours!$C$15 -> 5 | H18: =+G18*$H$4 -> 45.5 | I18: =F18/H18 -> 0.0040989011 | J18: =+I18*$H$4 -> 0.0373 | K18: =IFERROR(I18-(I18*O18),0) -> 0 | L18: =IFERROR(J18-(J18*O18),0) -> 0 | M18: =N17 -> 46314.196 | N18: =M18+K18 -> 46314.196 | O18: =VLOOKUP(A18,SHIPMENTS!$A$7:$AP$76,11,0) -> 1 | Q18: =IF($E18=Q$3,"▲","") | R18: =IF($E18=R$3,"▲","") | S18: =IF($E18=S$3,"▲","") | T18: =IF($E18=T$3,"▲","") | U18: =IF($E18=U$3,"▲","") | V18: =IF($E18=V$3,"▲","") | W18: =IF($E18=W$3,"▲","") | X18: =IF($E18=X$3,"▲","") | ... CD18: =IF($E18=CD$3,"▲","")
A19: =SHIPMENTS!A25 -> 9063 | B19: =SHIPMENTS!B25 -> 15900- Borongan City | Kookie Lim Uy / 3K Salon And Spa | C19: =SHIPMENTS!F25 -> 0.12 | D19: =IF((SHIPMENTS!I25)=0,"",SHIPMENTS!I25) | E19: =IF((SHIPMENTS!G25)=0,"",SHIPMENTS!G25) -> 46323 | F19: =VLOOKUP(A19,load!$A$4:$U$5001,18,0) -> 0 | G19: =Manhours!$C$15 -> 5 | H19: =+G19*$H$4 -> 45.5 | I19: =F19/H19 -> 0 | J19: =+I19*$H$4 -> 0 | K19: =IFERROR(I19-(I19*O19),0) -> 0 | L19: =IFERROR(J19-(J19*O19),0) -> 0 | M19: =N18 -> 46314.196 | N19: =M19+K19 -> 46314.196 | O19: =VLOOKUP(A19,SHIPMENTS!$A$7:$AP$76,11,0) -> 1 | Q19: =IF($E19=Q$3,"▲","") | R19: =IF($E19=R$3,"▲","") | S19: =IF($E19=S$3,"▲","") | T19: =IF($E19=T$3,"▲","") | U19: =IF($E19=U$3,"▲","") | V19: =IF($E19=V$3,"▲","") | W19: =IF($E19=W$3,"▲","") | X19: =IF($E19=X$3,"▲","") | ... CD19: =IF($E19=CD$3,"▲","")
A20: =SHIPMENTS!A26 -> 9131 | B20: =SHIPMENTS!B26 -> 15900- Cagayan De Oro |Kevin Anthony Pilapil Lagumbay | C20: =SHIPMENTS!F26 -> 0.12 | D20: =IF((SHIPMENTS!I26)=0,"",SHIPMENTS!I26) | E20: =IF((SHIPMENTS!G26)=0,"",SHIPMENTS!G26) -> 46323 | F20: =VLOOKUP(A20,load!$A$4:$U$5001,18,0) -> 0.047 | G20: =Manhours!$C$15 -> 5 | H20: =+G20*$H$4 -> 45.5 | I20: =F20/H20 -> 0.001032967 | J20: =+I20*$H$4 -> 0.0094 | K20: =IFERROR(I20-(I20*O20),0) -> 0 | L20: =IFERROR(J20-(J20*O20),0) -> 0 | M20: =N19 -> 46314.196 | N20: =M20+K20 -> 46314.196 | O20: =VLOOKUP(A20,SHIPMENTS!$A$7:$AP$76,11,0) -> 1 | Q20: =IF($E20=Q$3,"▲","") | R20: =IF($E20=R$3,"▲","") | S20: =IF($E20=S$3,"▲","") | T20: =IF($E20=T$3,"▲","") | U20: =IF($E20=U$3,"▲","") | V20: =IF($E20=V$3,"▲","") | W20: =IF($E20=W$3,"▲","") | X20: =IF($E20=X$3,"▲","") | ... CD20: =IF($E20=CD$3,"▲","")
... A53: =SHIPMENTS!A59 -> 6542 | B53: =SHIPMENTS!B59 -> 75100-JORDAN BACKLOG | C53: =SHIPMENTS!F59 -> 0.0296 | D53: =IF((SHIPMENTS!I59)=0,"",SHIPMENTS!I59) | E53: =IF((SHIPMENTS!G59)=0,"",SHIPMENTS!G59) -> TBA | F53: =VLOOKUP(A53,load!$A$4:$U$5001,18,0) -> 0 | G53: =Manhours!$C$15 -> 5 | H53: =+G53*$H$4 -> 45.5 | I53: =F53/H53 -> 0 | J53: =+I53*$H$4 -> 0 | K53: =IFERROR(I53-(I53*O53),0) -> 0 | L53: =IFERROR(J53-(J53*O53),0) -> 0 | M53: =N52 -> 46314.3 | N53: =M53+K53 -> 46314.3 | O53: =VLOOKUP(A53,SHIPMENTS!$A$7:$AP$76,11,0) -> n/a | Q53: =IF($E53=Q$3,"▲","") | R53: =IF($E53=R$3,"▲","") | S53: =IF($E53=S$3,"▲","") | T53: =IF($E53=T$3,"▲","") | U53: =IF($E53=U$3,"▲","") | V53: =IF($E53=V$3,"▲","") | W53: =IF($E53=W$3,"▲","") | X53: =IF($E53=X$3,"▲","") | ... CD53: =IF($E53=CD$3,"▲","")

Sheet SP
Q1: ='T&D'!Q1 -> 0 | R1: ='T&D'!R1 -> 0 | S1: ='T&D'!S1 -> 0 | T1: ='T&D'!T1 -> 0 | U1: ='T&D'!U1 -> 0 | V1: ='T&D'!V1 -> 0 | W1: ='T&D'!W1 -> 0 | X1: ='T&D'!X1 -> 0 | ... CD1: ='T&D'!CD1 -> 0
A2: STONE PROCESSING GANTT CHART | K2: =K4-K3 -> 0.057356484 | Q2: ='T&D'!Q2 -> w/O OT | R2: ='T&D'!R2 -> w/O OT | S2: ='T&D'!S2 -> w/O OT | T2: ='T&D'!T2 -> w/O OT | U2: ='T&D'!U2 -> Fri | V2: ='T&D'!V2 -> Sat | W2: ='T&D'!W2 -> w/O OT | X2: ='T&D'!X2 -> w/O OT | ... CD2: ='T&D'!CD2 -> Sat
C3: LEGEND: | D3: ▲ | E3: TARGET | K3: =K41+K43 -> 0 | N3: SAWO EUROPE | Q3: ='T&D'!Q3 -> 46314 | R3: ='T&D'!R3 -> 46315 | S3: ='T&D'!S3 -> 46316 | T3: ='T&D'!T3 -> 46317 | U3: ='T&D'!U3 -> 46318 | V3: ='T&D'!V3 -> 46319 | W3: ='T&D'!W3 -> 46321 | X3: ='T&D'!X3 -> 46322 | ... CD3: ='T&D'!CD3 -> 46389
E4: REQD DAYS | H4: =45.5/5 -> 9.1 | K4: =SUM(K8:K4656) -> 0.057356484 | M4: ='T&D'!M4 -> 46314 | Q4: ='T&D'!Q4 -> 45817 | R4: ='T&D'!R4 -> 45818 | S4: ='T&D'!S4 -> 45819 | T4: ='T&D'!T4 -> 45820 | U4: ='T&D'!U4 -> 45821 | V4: ='T&D'!V4 -> 45822 | W4: ='T&D'!W4 -> 45824 | X4: ='T&D'!X4 -> 45825 | ... CD4: ='T&D'!CD4 -> 45892
A5: SO # | B5: CUST. CODE-DESTINATION | C5: CBM | D5: TYPE OF CARGO | E5: TARGET DATE | F5: TOTAL PROCESSING HOURS | G5: TOTAL MANPOWER | H5: AVAILABLE MANHOURS | I5: SO REQD DAYS | J5: SO REQD HOURS | K5: REQD DAYS | L5: REQD HOURS | M5: START DATE | N5: END DATE | O5: COMPLETION RATE | P5: PLANNED HRS | Q5: {=_xlfn.IFS(Q2="w/ OT",12.25,Q2="w/o OT",9.5,Q2="FRI",7.5,Q2="SAT",7.5,Q2="SUN",7.5,Q2="OFF",0)} -> 9.5 | R5: {=_xlfn.IFS(R2="w/ OT",12.25,R2="w/o OT",9.5,R2="FRI",7.5,R2="SAT",7.5,R2="SUN",7.5,R2="OFF",0)} -> 9.5 | S5: {=_xlfn.IFS(S2="w/ OT",12.25,S2="w/o OT",9.5,S2="FRI",7.5,S2="SAT",7.5,S2="SUN",7.5,S2="OFF",0)} -> 9.5 | T5: {=_xlfn.IFS(T2="w/ OT",12.25,T2="w/o OT",9.5,T2="FRI",7.5,T2="SAT",7.5,T2="SUN",7.5,T2="OFF",0)} -> 9.5 | U5: {=_xlfn.IFS(U2="w/ OT",12.25,U2="w/o OT",9.5,U2="FRI",7.5,U2="SAT",7.5,U2="SUN",7.5,U2="OFF",0)} -> 7.5 | V5: {=_xlfn.IFS(V2="w/ OT",12.25,V2="w/o OT",9.5,V2="FRI",7.5,V2="SAT",7.5,V2="SUN",7.5,V2="OFF",0)} -> 7.5 | W5: {=_xlfn.IFS(W2="w/ OT",12.25,W2="w/o OT",9.5,W2="FRI",7.5,W2="SAT",7.5,W2="SUN",7.5,W2="OFF",0)} -> 9.5 | X5: {=_xlfn.IFS(X2="w/ OT",12.25,X2="w/o OT",9.5,X2="FRI",7.5,X2="SAT",7.5,X2="SUN",7.5,X2="OFF",0)} -> 9.5 | ... CD5: {=_xlfn.IFS(CD2="w/ OT",12.25,CD2="w/o OT",9.5,CD2="FRI",7.5,CD2="SAT",7.5,CD2="SUN",7.5,CD2="OFF",0)} -> 7.5
P6: ACTUAL HRS
A8: =SHIPMENTS!A14 -> 9296 | B8: =SHIPMENTS!B14 -> 15900- Makati |Techiron Resources Inc. | C8: =SHIPMENTS!F14 -> 0.05 | D8: =IF((SHIPMENTS!I14)=0,"",SHIPMENTS!I14) | E8: =IF((SHIPMENTS!G14)=0,"",SHIPMENTS!G14) -> 46314 | F8: =VLOOKUP(A8,load!$A$4:$U$5001,19,0) -> 0 | G8: =Manhours!$C$10 -> 2.5 | H8: =+G8*$H$4 -> 22.75 | I8: =F8/H8 -> 0 | J8: =+I8*$H$4 -> 0 | K8: =IFERROR(I8-(I8*O8),0) -> 0 | L8: =IFERROR(J8-(J8*O8),0) -> 0 | M8: =M4 -> 46314 | N8: =M8+K8 -> 46314 | O8: =VLOOKUP(A8,SHIPMENTS!$A$7:$AP$76,11,0) -> 0 | Q8: =IF($E8=Q$3,"▲","") -> ▲ | R8: =IF($E8=R$3,"▲","") | S8: =IF($E8=S$3,"▲","") | T8: =IF($E8=T$3,"▲","") | U8: =IF($E8=U$3,"▲","") | V8: =IF($E8=V$3,"▲","") | W8: =IF($E8=W$3,"▲","") | X8: =IF($E8=X$3,"▲","") | ... CD8: =IF($E8=CD$3,"▲","")
A9: =SHIPMENTS!A15 -> 9309 | B9: =SHIPMENTS!B15 -> 43940-THAILAND | C9: =SHIPMENTS!F15 -> 0.06403 | D9: =IF((SHIPMENTS!I15)=0,"",SHIPMENTS!I15) -> AIR | E9: =IF((SHIPMENTS!G15)=0,"",SHIPMENTS!G15) -> 46314 | F9: =VLOOKUP(A9,load!$A$4:$U$5001,19,0) -> 0 | G9: =Manhours!$C$10 -> 2.5 | H9: =+G9*$H$4 -> 22.75 | I9: =F9/H9 -> 0 | J9: =+I9*$H$4 -> 0 | K9: =IFERROR(I9-(I9*O9),0) -> 0 | L9: =IFERROR(J9-(J9*O9),0) -> 0 | M9: =N8 -> 46314 | N9: =M9+K9 -> 46314 | O9: =VLOOKUP(A9,SHIPMENTS!$A$7:$AP$76,11,0) -> 0 | Q9: =IF($E9=Q$3,"▲","") -> ▲ | R9: =IF($E9=R$3,"▲","") | S9: =IF($E9=S$3,"▲","") | T9: =IF($E9=T$3,"▲","") | U9: =IF($E9=U$3,"▲","") | V9: =IF($E9=V$3,"▲","") | W9: =IF($E9=W$3,"▲","") | X9: =IF($E9=X$3,"▲","") | ... CD9: =IF($E9=CD$3,"▲","")
A10: =SHIPMENTS!A16 -> 9117 | B10: =SHIPMENTS!B16 -> 41700-CANADA BSAUNAS | C10: =SHIPMENTS!F16 -> 83.268 | D10: =IF((SHIPMENTS!I16)=0,"",SHIPMENTS!I16) -> 1X40HC | E10: =IF((SHIPMENTS!G16)=0,"",SHIPMENTS!G16) -> 46315 | F10: =VLOOKUP(A10,load!$A$4:$U$5001,19,0) -> 0 | G10: =Manhours!$C$10 -> 2.5 | H10: =+G10*$H$4 -> 22.75 | I10: =F10/H10 -> 0 | J10: =+I10*$H$4 -> 0 | K10: =IFERROR(I10-(I10*O10),0) -> 0 | L10: =IFERROR(J10-(J10*O10),0) -> 0 | M10: =N9 -> 46314 | N10: =M10+K10 -> 46314 | O10: =VLOOKUP(A10,SHIPMENTS!$A$7:$AP$76,11,0) -> n/a | Q10: =IF($E10=Q$3,"▲","") | R10: =IF($E10=R$3,"▲","") -> ▲ | S10: =IF($E10=S$3,"▲","") | T10: =IF($E10=T$3,"▲","") | U10: =IF($E10=U$3,"▲","") | V10: =IF($E10=V$3,"▲","") | W10: =IF($E10=W$3,"▲","") | X10: =IF($E10=X$3,"▲","") | ... CD10: =IF($E10=CD$3,"▲","")
A11: =SHIPMENTS!A17 -> 8641 | B11: =SHIPMENTS!B17 -> 41700-CANADA BSAUNAS BACKLOG | C11: =SHIPMENTS!F17 -> 0 | D11: =IF((SHIPMENTS!I17)=0,"",SHIPMENTS!I17) | E11: =IF((SHIPMENTS!G17)=0,"",SHIPMENTS!G17) -> 46315 | F11: =VLOOKUP(A11,load!$A$4:$U$5001,19,0) -> 0 | G11: =Manhours!$C$10 -> 2.5 | H11: =+G11*$H$4 -> 22.75 | I11: =F11/H11 -> 0 | J11: =+I11*$H$4 -> 0 | K11: =IFERROR(I11-(I11*O11),0) -> 0 | L11: =IFERROR(J11-(J11*O11),0) -> 0 | M11: =N10 -> 46314 | N11: =M11+K11 -> 46314 | O11: =VLOOKUP(A11,SHIPMENTS!$A$7:$AP$76,11,0) -> n/a | Q11: =IF($E11=Q$3,"▲","") | R11: =IF($E11=R$3,"▲","") -> ▲ | S11: =IF($E11=S$3,"▲","") | T11: =IF($E11=T$3,"▲","") | U11: =IF($E11=U$3,"▲","") | V11: =IF($E11=V$3,"▲","") | W11: =IF($E11=W$3,"▲","") | X11: =IF($E11=X$3,"▲","") | ... CD11: =IF($E11=CD$3,"▲","")
A12: =SHIPMENTS!A18 -> 8102 | B12: =SHIPMENTS!B18 -> 41700-CANADA BSAUNAS BACKLOG | C12: =SHIPMENTS!F18 -> 0 | D12: =IF((SHIPMENTS!I18)=0,"",SHIPMENTS!I18) | E12: =IF((SHIPMENTS!G18)=0,"",SHIPMENTS!G18) -> 46315 | F12: =VLOOKUP(A12,load!$A$4:$U$5001,19,0) -> 0 | G12: =Manhours!$C$10 -> 2.5 | H12: =+G12*$H$4 -> 22.75 | I12: =F12/H12 -> 0 | J12: =+I12*$H$4 -> 0 | K12: =IFERROR(I12-(I12*O12),0) -> 0 | L12: =IFERROR(J12-(J12*O12),0) -> 0 | M12: =N11 -> 46314 | N12: =M12+K12 -> 46314 | O12: =VLOOKUP(A12,SHIPMENTS!$A$7:$AP$76,11,0) -> n/a | Q12: =IF($E12=Q$3,"▲","") | R12: =IF($E12=R$3,"▲","") -> ▲ | S12: =IF($E12=S$3,"▲","") | T12: =IF($E12=T$3,"▲","") | U12: =IF($E12=U$3,"▲","") | V12: =IF($E12=V$3,"▲","") | W12: =IF($E12=W$3,"▲","") | X12: =IF($E12=X$3,"▲","") | ... CD12: =IF($E12=CD$3,"▲","")
A13: =SHIPMENTS!A19 -> 5928 | B13: =SHIPMENTS!B19 -> 41700-CANADA BSAUNAS BACKLOG | C13: =SHIPMENTS!F19 -> 0 | D13: =IF((SHIPMENTS!I19)=0,"",SHIPMENTS!I19) | E13: =IF((SHIPMENTS!G19)=0,"",SHIPMENTS!G19) | F13: =VLOOKUP(A13,load!$A$4:$U$5001,19,0) -> 0 | G13: =Manhours!$C$10 -> 2.5 | H13: =+G13*$H$4 -> 22.75 | I13: =F13/H13 -> 0 | J13: =+I13*$H$4 -> 0 | K13: =IFERROR(I13-(I13*O13),0) -> 0 | L13: =IFERROR(J13-(J13*O13),0) -> 0 | M13: =N12 -> 46314 | N13: =M13+K13 -> 46314 | O13: =VLOOKUP(A13,SHIPMENTS!$A$7:$AP$76,11,0) -> n/a | Q13: =IF($E13=Q$3,"▲","") | R13: =IF($E13=R$3,"▲","") | S13: =IF($E13=S$3,"▲","") | T13: =IF($E13=T$3,"▲","") | U13: =IF($E13=U$3,"▲","") | V13: =IF($E13=V$3,"▲","") | W13: =IF($E13=W$3,"▲","") | X13: =IF($E13=X$3,"▲","") | ... CD13: =IF($E13=CD$3,"▲","")
A14: =SHIPMENTS!A20 -> 4781 | B14: =SHIPMENTS!B20 -> 41700-CANADA BSAUNAS BACKLOG | C14: =SHIPMENTS!F20 -> 0 | D14: =IF((SHIPMENTS!I20)=0,"",SHIPMENTS!I20) | E14: =IF((SHIPMENTS!G20)=0,"",SHIPMENTS!G20) | F14: =VLOOKUP(A14,load!$A$4:$U$5001,19,0) -> 0 | G14: =Manhours!$C$10 -> 2.5 | H14: =+G14*$H$4 -> 22.75 | I14: =F14/H14 -> 0 | J14: =+I14*$H$4 -> 0 | K14: =IFERROR(I14-(I14*O14),0) -> 0 | L14: =IFERROR(J14-(J14*O14),0) -> 0 | M14: =N13 -> 46314 | N14: =M14+K14 -> 46314 | O14: =VLOOKUP(A14,SHIPMENTS!$A$7:$AP$76,11,0) -> n/a | Q14: =IF($E14=Q$3,"▲","") | R14: =IF($E14=R$3,"▲","") | S14: =IF($E14=S$3,"▲","") | T14: =IF($E14=T$3,"▲","") | U14: =IF($E14=U$3,"▲","") | V14: =IF($E14=V$3,"▲","") | W14: =IF($E14=W$3,"▲","") | X14: =IF($E14=X$3,"▲","") | ... CD14: =IF($E14=CD$3,"▲","")
A15: =SHIPMENTS!A21 -> 9259 | B15: =SHIPMENTS!B21 -> 27200-UAE | C15: =SHIPMENTS!F21 -> 0.07 | D15: =IF((SHIPMENTS!I21)=0,"",SHIPMENTS!I21) -> AIR | E15: =IF((SHIPMENTS!G21)=0,"",SHIPMENTS!G21) -> 46316 | F15: =VLOOKUP(A15,load!$A$4:$U$5001,19,0) -> 0 | G15: =Manhours!$C$10 -> 2.5 | H15: =+G15*$H$4 -> 22.75 | I15: =F15/H15 -> 0 | J15: =+I15*$H$4 -> 0 | K15: =IFERROR(I15-(I15*O15),0) -> 0 | L15: =IFERROR(J15-(J15*O15),0) -> 0 | M15: =N14 -> 46314 | N15: =M15+K15 -> 46314 | O15: =VLOOKUP(A15,SHIPMENTS!$A$7:$AP$76,11,0) -> 0 | Q15: =IF($E15=Q$3,"▲","") | R15: =IF($E15=R$3,"▲","") | S15: =IF($E15=S$3,"▲","") -> ▲ | T15: =IF($E15=T$3,"▲","") | U15: =IF($E15=U$3,"▲","") | V15: =IF($E15=V$3,"▲","") | W15: =IF($E15=W$3,"▲","") | X15: =IF($E15=X$3,"▲","") | ... CD15: =IF($E15=CD$3,"▲","")
A16: =SHIPMENTS!A22 -> 8765 | B16: =SHIPMENTS!B22 -> 8200-AUSTRALIA | C16: =SHIPMENTS!F22 -> 64.93 | D16: =IF((SHIPMENTS!I22)=0,"",SHIPMENTS!I22) -> 1X40HC | E16: =IF((SHIPMENTS!G22)=0,"",SHIPMENTS!G22) -> 46316 | F16: =VLOOKUP(A16,load!$A$4:$U$5001,19,0) -> 0 | G16: =Manhours!$C$10 -> 2.5 | H16: =+G16*$H$4 -> 22.75 | I16: =F16/H16 -> 0 | J16: =+I16*$H$4 -> 0 | K16: =IFERROR(I16-(I16*O16),0) -> 0 | L16: =IFERROR(J16-(J16*O16),0) -> 0 | M16: =N15 -> 46314 | N16: =M16+K16 -> 46314 | O16: =VLOOKUP(A16,SHIPMENTS!$A$7:$AP$76,11,0) -> 0.87 | Q16: =IF($E16=Q$3,"▲","") | R16: =IF($E16=R$3,"▲","") | S16: =IF($E16=S$3,"▲","") -> ▲ | T16: =IF($E16=T$3,"▲","") | U16: =IF($E16=U$3,"▲","") | V16: =IF($E16=V$3,"▲","") | W16: =IF($E16=W$3,"▲","") | X16: =IF($E16=X$3,"▲","") | ... CD16: =IF($E16=CD$3,"▲","")
A17: =SHIPMENTS!A23 -> 7919 | B17: =SHIPMENTS!B23 -> 8200-AUSTRALIA | C17: =SHIPMENTS!F23 -> 0 | D17: =IF((SHIPMENTS!I23)=0,"",SHIPMENTS!I23) | E17: =IF((SHIPMENTS!G23)=0,"",SHIPMENTS!G23) | F17: =VLOOKUP(A17,load!$A$4:$U$5001,19,0) -> 0 | G17: =Manhours!$C$10 -> 2.5 | H17: =+G17*$H$4 -> 22.75 | I17: =F17/H17 -> 0 | J17: =+I17*$H$4 -> 0 | K17: =IFERROR(I17-(I17*O17),0) -> 0 | L17: =IFERROR(J17-(J17*O17),0) -> 0 | M17: =N16 -> 46314 | N17: =M17+K17 -> 46314 | O17: =VLOOKUP(A17,SHIPMENTS!$A$7:$AP$76,11,0) -> 1 | Q17: =IF($E17=Q$3,"▲","") | R17: =IF($E17=R$3,"▲","") | S17: =IF($E17=S$3,"▲","") | T17: =IF($E17=T$3,"▲","") | U17: =IF($E17=U$3,"▲","") | V17: =IF($E17=V$3,"▲","") | W17: =IF($E17=W$3,"▲","") | X17: =IF($E17=X$3,"▲","") | ... CD17: =IF($E17=CD$3,"▲","")
A18: =SHIPMENTS!A24 -> 9015 | B18: =SHIPMENTS!B24 -> 15900- Mandaue City | Atty. Brando Raya | C18: =SHIPMENTS!F24 -> 0.256 | D18: =IF((SHIPMENTS!I24)=0,"",SHIPMENTS!I24) -> LCL | E18: =IF((SHIPMENTS!G24)=0,"",SHIPMENTS!G24) -> 46323 | F18: =VLOOKUP(A18,load!$A$4:$U$5001,19,0) -> 0.50683333 | G18: =Manhours!$C$10 -> 2.5 | H18: =+G18*$H$4 -> 22.75 | I18: =F18/H18 -> 0.022278388 | J18: =+I18*$H$4 -> 0.20273333 | K18: =IFERROR(I18-(I18*O18),0) -> 0 | L18: =IFERROR(J18-(J18*O18),0) -> 0 | M18: =N17 -> 46314 | N18: =M18+K18 -> 46314 | O18: =VLOOKUP(A18,SHIPMENTS!$A$7:$AP$76,11,0) -> 1 | Q18: =IF($E18=Q$3,"▲","") | R18: =IF($E18=R$3,"▲","") | S18: =IF($E18=S$3,"▲","") | T18: =IF($E18=T$3,"▲","") | U18: =IF($E18=U$3,"▲","") | V18: =IF($E18=V$3,"▲","") | W18: =IF($E18=W$3,"▲","") | X18: =IF($E18=X$3,"▲","") | ... CD18: =IF($E18=CD$3,"▲","")
A19: =SHIPMENTS!A25 -> 9063 | B19: =SHIPMENTS!B25 -> 15900- Borongan City | Kookie Lim Uy / 3K Salon And Spa | C19: =SHIPMENTS!F25 -> 0.12 | D19: =IF((SHIPMENTS!I25)=0,"",SHIPMENTS!I25) | E19: =IF((SHIPMENTS!G25)=0,"",SHIPMENTS!G25) -> 46323 | F19: =VLOOKUP(A19,load!$A$4:$U$5001,19,0) -> 0 | G19: =Manhours!$C$10 -> 2.5 | H19: =+G19*$H$4 -> 22.75 | I19: =F19/H19 -> 0 | J19: =+I19*$H$4 -> 0 | K19: =IFERROR(I19-(I19*O19),0) -> 0 | L19: =IFERROR(J19-(J19*O19),0) -> 0 | M19: =N18 -> 46314 | N19: =M19+K19 -> 46314 | O19: =VLOOKUP(A19,SHIPMENTS!$A$7:$AP$76,11,0) -> 1 | Q19: =IF($E19=Q$3,"▲","") | R19: =IF($E19=R$3,"▲","") | S19: =IF($E19=S$3,"▲","") | T19: =IF($E19=T$3,"▲","") | U19: =IF($E19=U$3,"▲","") | V19: =IF($E19=V$3,"▲","") | W19: =IF($E19=W$3,"▲","") | X19: =IF($E19=X$3,"▲","") | ... CD19: =IF($E19=CD$3,"▲","")
A20: =SHIPMENTS!A26 -> 9131 | B20: =SHIPMENTS!B26 -> 15900- Cagayan De Oro |Kevin Anthony Pilapil Lagumbay | C20: =SHIPMENTS!F26 -> 0.12 | D20: =IF((SHIPMENTS!I26)=0,"",SHIPMENTS!I26) | E20: =IF((SHIPMENTS!G26)=0,"",SHIPMENTS!G26) -> 46323 | F20: =VLOOKUP(A20,load!$A$4:$U$5001,19,0) -> 0.046833333 | G20: =Manhours!$C$10 -> 2.5 | H20: =+G20*$H$4 -> 22.75 | I20: =F20/H20 -> 0.0020586081 | J20: =+I20*$H$4 -> 0.018733333 | K20: =IFERROR(I20-(I20*O20),0) -> 0 | L20: =IFERROR(J20-(J20*O20),0) -> 0 | M20: =N19 -> 46314 | N20: =M20+K20 -> 46314 | O20: =VLOOKUP(A20,SHIPMENTS!$A$7:$AP$76,11,0) -> 1 | Q20: =IF($E20=Q$3,"▲","") | R20: =IF($E20=R$3,"▲","") | S20: =IF($E20=S$3,"▲","") | T20: =IF($E20=T$3,"▲","") | U20: =IF($E20=U$3,"▲","") | V20: =IF($E20=V$3,"▲","") | W20: =IF($E20=W$3,"▲","") | X20: =IF($E20=X$3,"▲","") | ... CD20: =IF($E20=CD$3,"▲","")
... A53: =SHIPMENTS!A59 -> 6542 | B53: =SHIPMENTS!B59 -> 75100-JORDAN BACKLOG | C53: =SHIPMENTS!F59 -> 0.0296 | D53: =IF((SHIPMENTS!I59)=0,"",SHIPMENTS!I59) | E53: =IF((SHIPMENTS!G59)=0,"",SHIPMENTS!G59) -> TBA | F53: =VLOOKUP(A53,load!$A$4:$U$5001,19,0) -> 0 | G53: =Manhours!$C$10 -> 2.5 | H53: =+G53*$H$4 -> 22.75 | I53: =F53/H53 -> 0 | J53: =+I53*$H$4 -> 0 | K53: =IFERROR(I53-(I53*O53),0) -> 0 | L53: =IFERROR(J53-(J53*O53),0) -> 0 | M53: =N52 -> 46314.057 | N53: =M53+K53 -> 46314.057 | O53: =VLOOKUP(A53,SHIPMENTS!$A$7:$AP$76,11,0) -> n/a | Q53: =IF($E53=Q$3,"▲","") | R53: =IF($E53=R$3,"▲","") | S53: =IF($E53=S$3,"▲","") | T53: =IF($E53=T$3,"▲","") | U53: =IF($E53=U$3,"▲","") | V53: =IF($E53=V$3,"▲","") | W53: =IF($E53=W$3,"▲","") | X53: =IF($E53=X$3,"▲","") | ... CD53: =IF($E53=CD$3,"▲","")

Sheet MS
Q1: ='T&D'!Q1 -> 0 | R1: ='T&D'!R1 -> 0 | S1: ='T&D'!S1 -> 0 | T1: ='T&D'!T1 -> 0 | U1: ='T&D'!U1 -> 0 | V1: ='T&D'!V1 -> 0 | W1: ='T&D'!W1 -> 0 | X1: ='T&D'!X1 -> 0 | ... CD1: ='T&D'!CD1 -> 0
A2: METAL STAMPING GANTT CHART | K2: =K4-K3 -> 0.45953502 | Q2: ='T&D'!Q2 -> w/O OT | R2: ='T&D'!R2 -> w/O OT | S2: ='T&D'!S2 -> w/O OT | T2: ='T&D'!T2 -> w/O OT | U2: ='T&D'!U2 -> Fri | V2: ='T&D'!V2 -> Sat | W2: ='T&D'!W2 -> w/O OT | X2: ='T&D'!X2 -> w/O OT | ... CD2: ='T&D'!CD2 -> Sat
C3: LEGEND: | D3: ▲ | E3: TARGET | K3: =K41+K43 -> 0.16780342 | N3: SAWO EUROPE | Q3: ='T&D'!Q3 -> 46314 | R3: ='T&D'!R3 -> 46315 | S3: ='T&D'!S3 -> 46316 | T3: ='T&D'!T3 -> 46317 | U3: ='T&D'!U3 -> 46318 | V3: ='T&D'!V3 -> 46319 | W3: ='T&D'!W3 -> 46321 | X3: ='T&D'!X3 -> 46322 | ... CD3: ='T&D'!CD3 -> 46389
E4: REQD DAYS | H4: =45.5/5 -> 9.1 | K4: =SUM(K8:K4655) -> 0.62733844 | M4: ='T&D'!M4 -> 46314 | Q4: ='T&D'!Q4 -> 45817 | R4: ='T&D'!R4 -> 45818 | S4: ='T&D'!S4 -> 45819 | T4: ='T&D'!T4 -> 45820 | U4: ='T&D'!U4 -> 45821 | V4: ='T&D'!V4 -> 45822 | W4: ='T&D'!W4 -> 45824 | X4: ='T&D'!X4 -> 45825 | ... CD4: ='T&D'!CD4 -> 45892
A5: SO # | B5: CUST. CODE-DESTINATION | C5: CBM | D5: TYPE OF CARGO | E5: TARGET DATE | F5: TOTAL PROCESSING HOURS | G5: TOTAL MANPOWER | H5: AVAILABLE MANHOURS | I5: SO REQD DAYS | J5: SO REQD HOURS | K5: REQD DAYS | L5: REQD HOURS | M5: START DATE | N5: END DATE | O5: COMPLETION RATE | P5: PLANNED HRS | Q5: {=_xlfn.IFS(Q2="w/ OT",12.25,Q2="w/o OT",9.5,Q2="FRI",7.5,Q2="SAT",7.5,Q2="SUN",7.5,Q2="OFF",0)} -> 9.5 | R5: {=_xlfn.IFS(R2="w/ OT",12.25,R2="w/o OT",9.5,R2="FRI",7.5,R2="SAT",7.5,R2="SUN",7.5,R2="OFF",0)} -> 9.5 | S5: {=_xlfn.IFS(S2="w/ OT",12.25,S2="w/o OT",9.5,S2="FRI",7.5,S2="SAT",7.5,S2="SUN",7.5,S2="OFF",0)} -> 9.5 | T5: {=_xlfn.IFS(T2="w/ OT",12.25,T2="w/o OT",9.5,T2="FRI",7.5,T2="SAT",7.5,T2="SUN",7.5,T2="OFF",0)} -> 9.5 | U5: {=_xlfn.IFS(U2="w/ OT",12.25,U2="w/o OT",9.5,U2="FRI",7.5,U2="SAT",7.5,U2="SUN",7.5,U2="OFF",0)} -> 7.5 | V5: {=_xlfn.IFS(V2="w/ OT",12.25,V2="w/o OT",9.5,V2="FRI",7.5,V2="SAT",7.5,V2="SUN",7.5,V2="OFF",0)} -> 7.5 | W5: {=_xlfn.IFS(W2="w/ OT",12.25,W2="w/o OT",9.5,W2="FRI",7.5,W2="SAT",7.5,W2="SUN",7.5,W2="OFF",0)} -> 9.5 | X5: {=_xlfn.IFS(X2="w/ OT",12.25,X2="w/o OT",9.5,X2="FRI",7.5,X2="SAT",7.5,X2="SUN",7.5,X2="OFF",0)} -> 9.5 | ... CD5: {=_xlfn.IFS(CD2="w/ OT",12.25,CD2="w/o OT",9.5,CD2="FRI",7.5,CD2="SAT",7.5,CD2="SUN",7.5,CD2="OFF",0)} -> 7.5
P6: ACTUAL HRS
A8: =SHIPMENTS!A14 -> 9296 | B8: =SHIPMENTS!B14 -> 15900- Makati |Techiron Resources Inc. | C8: =SHIPMENTS!F14 -> 0.05 | D8: =IF((SHIPMENTS!I14)=0,"",SHIPMENTS!I14) | E8: =IF((SHIPMENTS!G14)=0,"",SHIPMENTS!G14) -> 46314 | F8: =VLOOKUP(A8,load!$A$4:$U$5001,20,0) -> 0.52966667 | G8: =Manhours!$C$7 -> 9 | H8: =+G8*$H$4 -> 81.9 | I8: =F8/H8 -> 0.0064672365 | J8: =+I8*$H$4 -> 0.058851852 | K8: =IFERROR(I8-(I8*O8),0) -> 0.0064672365 | L8: =IFERROR(J8-(J8*O8),0) -> 0.058851852 | M8: =M4 -> 46314 | N8: =M8+K8 -> 46314.006 | O8: =VLOOKUP(A8,SHIPMENTS!$A$7:$AP$76,11,0) -> 0 | Q8: =IF($E8=Q$3,"▲","") -> ▲ | R8: =IF($E8=R$3,"▲","") | S8: =IF($E8=S$3,"▲","") | T8: =IF($E8=T$3,"▲","") | U8: =IF($E8=U$3,"▲","") | V8: =IF($E8=V$3,"▲","") | W8: =IF($E8=W$3,"▲","") | X8: =IF($E8=X$3,"▲","") | ... CD8: =IF($E8=CD$3,"▲","")
A9: =SHIPMENTS!A15 -> 9309 | B9: =SHIPMENTS!B15 -> 43940-THAILAND | C9: =SHIPMENTS!F15 -> 0.06403 | D9: =IF((SHIPMENTS!I15)=0,"",SHIPMENTS!I15) -> AIR | E9: =IF((SHIPMENTS!G15)=0,"",SHIPMENTS!G15) -> 46314 | F9: =VLOOKUP(A9,load!$A$4:$U$5001,20,0) -> 1.0868333 | G9: =Manhours!$C$7 -> 9 | H9: =+G9*$H$4 -> 81.9 | I9: =F9/H9 -> 0.013270248 | J9: =+I9*$H$4 -> 0.12075926 | K9: =IFERROR(I9-(I9*O9),0) -> 0.013270248 | L9: =IFERROR(J9-(J9*O9),0) -> 0.12075926 | M9: =N8 -> 46314.006 | N9: =M9+K9 -> 46314.02 | O9: =VLOOKUP(A9,SHIPMENTS!$A$7:$AP$76,11,0) -> 0 | Q9: =IF($E9=Q$3,"▲","") -> ▲ | R9: =IF($E9=R$3,"▲","") | S9: =IF($E9=S$3,"▲","") | T9: =IF($E9=T$3,"▲","") | U9: =IF($E9=U$3,"▲","") | V9: =IF($E9=V$3,"▲","") | W9: =IF($E9=W$3,"▲","") | X9: =IF($E9=X$3,"▲","") | ... CD9: =IF($E9=CD$3,"▲","")
A10: =SHIPMENTS!A16 -> 9117 | B10: =SHIPMENTS!B16 -> 41700-CANADA BSAUNAS | C10: =SHIPMENTS!F16 -> 83.268 | D10: =IF((SHIPMENTS!I16)=0,"",SHIPMENTS!I16) -> 1X40HC | E10: =IF((SHIPMENTS!G16)=0,"",SHIPMENTS!G16) -> 46315 | F10: =VLOOKUP(A10,load!$A$4:$U$5001,20,0) -> 1.96 | G10: =Manhours!$C$7 -> 9 | H10: =+G10*$H$4 -> 81.9 | I10: =F10/H10 -> 0.023931624 | J10: =+I10*$H$4 -> 0.21777778 | K10: =IFERROR(I10-(I10*O10),0) -> 0 | L10: =IFERROR(J10-(J10*O10),0) -> 0 | M10: =N9 -> 46314.02 | N10: =M10+K10 -> 46314.02 | O10: =VLOOKUP(A10,SHIPMENTS!$A$7:$AP$76,11,0) -> n/a | Q10: =IF($E10=Q$3,"▲","") | R10: =IF($E10=R$3,"▲","") -> ▲ | S10: =IF($E10=S$3,"▲","") | T10: =IF($E10=T$3,"▲","") | U10: =IF($E10=U$3,"▲","") | V10: =IF($E10=V$3,"▲","") | W10: =IF($E10=W$3,"▲","") | X10: =IF($E10=X$3,"▲","") | ... CD10: =IF($E10=CD$3,"▲","")
A11: =SHIPMENTS!A17 -> 8641 | B11: =SHIPMENTS!B17 -> 41700-CANADA BSAUNAS BACKLOG | C11: =SHIPMENTS!F17 -> 0 | D11: =IF((SHIPMENTS!I17)=0,"",SHIPMENTS!I17) | E11: =IF((SHIPMENTS!G17)=0,"",SHIPMENTS!G17) -> 46315 | F11: =VLOOKUP(A11,load!$A$4:$U$5001,20,0) -> 74.713333 | G11: =Manhours!$C$7 -> 9 | H11: =+G11*$H$4 -> 81.9 | I11: =F11/H11 -> 0.91225071 | J11: =+I11*$H$4 -> 8.3014815 | K11: =IFERROR(I11-(I11*O11),0) -> 0 | L11: =IFERROR(J11-(J11*O11),0) -> 0 | M11: =N10 -> 46314.02 | N11: =M11+K11 -> 46314.02 | O11: =VLOOKUP(A11,SHIPMENTS!$A$7:$AP$76,11,0) -> n/a | Q11: =IF($E11=Q$3,"▲","") | R11: =IF($E11=R$3,"▲","") -> ▲ | S11: =IF($E11=S$3,"▲","") | T11: =IF($E11=T$3,"▲","") | U11: =IF($E11=U$3,"▲","") | V11: =IF($E11=V$3,"▲","") | W11: =IF($E11=W$3,"▲","") | X11: =IF($E11=X$3,"▲","") | ... CD11: =IF($E11=CD$3,"▲","")
A12: =SHIPMENTS!A18 -> 8102 | B12: =SHIPMENTS!B18 -> 41700-CANADA BSAUNAS BACKLOG | C12: =SHIPMENTS!F18 -> 0 | D12: =IF((SHIPMENTS!I18)=0,"",SHIPMENTS!I18) | E12: =IF((SHIPMENTS!G18)=0,"",SHIPMENTS!G18) -> 46315 | F12: =VLOOKUP(A12,load!$A$4:$U$5001,20,0) -> 0 | G12: =Manhours!$C$7 -> 9 | H12: =+G12*$H$4 -> 81.9 | I12: =F12/H12 -> 0 | J12: =+I12*$H$4 -> 0 | K12: =IFERROR(I12-(I12*O12),0) -> 0 | L12: =IFERROR(J12-(J12*O12),0) -> 0 | M12: =N11 -> 46314.02 | N12: =M12+K12 -> 46314.02 | O12: =VLOOKUP(A12,SHIPMENTS!$A$7:$AP$76,11,0) -> n/a | Q12: =IF($E12=Q$3,"▲","") | R12: =IF($E12=R$3,"▲","") -> ▲ | S12: =IF($E12=S$3,"▲","") | T12: =IF($E12=T$3,"▲","") | U12: =IF($E12=U$3,"▲","") | V12: =IF($E12=V$3,"▲","") | W12: =IF($E12=W$3,"▲","") | X12: =IF($E12=X$3,"▲","") | ... CD12: =IF($E12=CD$3,"▲","")
A13: =SHIPMENTS!A19 -> 5928 | B13: =SHIPMENTS!B19 -> 41700-CANADA BSAUNAS BACKLOG | C13: =SHIPMENTS!F19 -> 0 | D13: =IF((SHIPMENTS!I19)=0,"",SHIPMENTS!I19) | E13: =IF((SHIPMENTS!G19)=0,"",SHIPMENTS!G19) | F13: =VLOOKUP(A13,load!$A$4:$U$5001,20,0) -> 1.57 | G13: =Manhours!$C$7 -> 9 | H13: =+G13*$H$4 -> 81.9 | I13: =F13/H13 -> 0.019169719 | J13: =+I13*$H$4 -> 0.17444444 | K13: =IFERROR(I13-(I13*O13),0) -> 0 | L13: =IFERROR(J13-(J13*O13),0) -> 0 | M13: =N12 -> 46314.02 | N13: =M13+K13 -> 46314.02 | O13: =VLOOKUP(A13,SHIPMENTS!$A$7:$AP$76,11,0) -> n/a | Q13: =IF($E13=Q$3,"▲","") | R13: =IF($E13=R$3,"▲","") | S13: =IF($E13=S$3,"▲","") | T13: =IF($E13=T$3,"▲","") | U13: =IF($E13=U$3,"▲","") | V13: =IF($E13=V$3,"▲","") | W13: =IF($E13=W$3,"▲","") | X13: =IF($E13=X$3,"▲","") | ... CD13: =IF($E13=CD$3,"▲","")
A14: =SHIPMENTS!A20 -> 4781 | B14: =SHIPMENTS!B20 -> 41700-CANADA BSAUNAS BACKLOG | C14: =SHIPMENTS!F20 -> 0 | D14: =IF((SHIPMENTS!I20)=0,"",SHIPMENTS!I20) | E14: =IF((SHIPMENTS!G20)=0,"",SHIPMENTS!G20) | F14: =VLOOKUP(A14,load!$A$4:$U$5001,20,0) -> 1.17 | G14: =Manhours!$C$7 -> 9 | H14: =+G14*$H$4 -> 81.9 | I14: =F14/H14 -> 0.014285714 | J14: =+I14*$H$4 -> 0.13 | K14: =IFERROR(I14-(I14*O14),0) -> 0 | L14: =IFERROR(J14-(J14*O14),0) -> 0 | M14: =N13 -> 46314.02 | N14: =M14+K14 -> 46314.02 | O14: =VLOOKUP(A14,SHIPMENTS!$A$7:$AP$76,11,0) -> n/a | Q14: =IF($E14=Q$3,"▲","") | R14: =IF($E14=R$3,"▲","") | S14: =IF($E14=S$3,"▲","") | T14: =IF($E14=T$3,"▲","") | U14: =IF($E14=U$3,"▲","") | V14: =IF($E14=V$3,"▲","") | W14: =IF($E14=W$3,"▲","") | X14: =IF($E14=X$3,"▲","") | ... CD14: =IF($E14=CD$3,"▲","")
A15: =SHIPMENTS!A21 -> 9259 | B15: =SHIPMENTS!B21 -> 27200-UAE | C15: =SHIPMENTS!F21 -> 0.07 | D15: =IF((SHIPMENTS!I21)=0,"",SHIPMENTS!I21) -> AIR | E15: =IF((SHIPMENTS!G21)=0,"",SHIPMENTS!G21) -> 46316 | F15: =VLOOKUP(A15,load!$A$4:$U$5001,20,0) -> 0 | G15: =Manhours!$C$7 -> 9 | H15: =+G15*$H$4 -> 81.9 | I15: =F15/H15 -> 0 | J15: =+I15*$H$4 -> 0 | K15: =IFERROR(I15-(I15*O15),0) -> 0 | L15: =IFERROR(J15-(J15*O15),0) -> 0 | M15: =N14 -> 46314.02 | N15: =M15+K15 -> 46314.02 | O15: =VLOOKUP(A15,SHIPMENTS!$A$7:$AP$76,11,0) -> 0 | Q15: =IF($E15=Q$3,"▲","") | R15: =IF($E15=R$3,"▲","") | S15: =IF($E15=S$3,"▲","") -> ▲ | T15: =IF($E15=T$3,"▲","") | U15: =IF($E15=U$3,"▲","") | V15: =IF($E15=V$3,"▲","") | W15: =IF($E15=W$3,"▲","") | X15: =IF($E15=X$3,"▲","") | ... CD15: =IF($E15=CD$3,"▲","")
A16: =SHIPMENTS!A22 -> 8765 | B16: =SHIPMENTS!B22 -> 8200-AUSTRALIA | C16: =SHIPMENTS!F22 -> 64.93 | D16: =IF((SHIPMENTS!I22)=0,"",SHIPMENTS!I22) -> 1X40HC | E16: =IF((SHIPMENTS!G22)=0,"",SHIPMENTS!G22) -> 46316 | F16: =VLOOKUP(A16,load!$A$4:$U$5001,20,0) -> 119.61117 | G16: =Manhours!$C$7 -> 9 | H16: =+G16*$H$4 -> 81.9 | I16: =F16/H16 -> 1.4604538 | J16: =+I16*$H$4 -> 13.29013 | K16: =IFERROR(I16-(I16*O16),0) -> 0.18985899 | L16: =IFERROR(J16-(J16*O16),0) -> 1.7277169 | M16: =N15 -> 46314.02 | N16: =M16+K16 -> 46314.21 | O16: =VLOOKUP(A16,SHIPMENTS!$A$7:$AP$76,11,0) -> 0.87 | Q16: =IF($E16=Q$3,"▲","") | R16: =IF($E16=R$3,"▲","") | S16: =IF($E16=S$3,"▲","") -> ▲ | T16: =IF($E16=T$3,"▲","") | U16: =IF($E16=U$3,"▲","") | V16: =IF($E16=V$3,"▲","") | W16: =IF($E16=W$3,"▲","") | X16: =IF($E16=X$3,"▲","") | ... CD16: =IF($E16=CD$3,"▲","")
A17: =SHIPMENTS!A23 -> 7919 | B17: =SHIPMENTS!B23 -> 8200-AUSTRALIA | C17: =SHIPMENTS!F23 -> 0 | D17: =IF((SHIPMENTS!I23)=0,"",SHIPMENTS!I23) | E17: =IF((SHIPMENTS!G23)=0,"",SHIPMENTS!G23) | F17: =VLOOKUP(A17,load!$A$4:$U$5001,20,0) -> 0.03 | G17: =Manhours!$C$7 -> 9 | H17: =+G17*$H$4 -> 81.9 | I17: =F17/H17 -> 0.00036630037 | J17: =+I17*$H$4 -> 0.0033333333 | K17: =IFERROR(I17-(I17*O17),0) -> 0 | L17: =IFERROR(J17-(J17*O17),0) -> 0 | M17: =N16 -> 46314.21 | N17: =M17+K17 -> 46314.21 | O17: =VLOOKUP(A17,SHIPMENTS!$A$7:$AP$76,11,0) -> 1 | Q17: =IF($E17=Q$3,"▲","") | R17: =IF($E17=R$3,"▲","") | S17: =IF($E17=S$3,"▲","") | T17: =IF($E17=T$3,"▲","") | U17: =IF($E17=U$3,"▲","") | V17: =IF($E17=V$3,"▲","") | W17: =IF($E17=W$3,"▲","") | X17: =IF($E17=X$3,"▲","") | ... CD17: =IF($E17=CD$3,"▲","")
A18: =SHIPMENTS!A24 -> 9015 | B18: =SHIPMENTS!B24 -> 15900- Mandaue City | Atty. Brando Raya | C18: =SHIPMENTS!F24 -> 0.256 | D18: =IF((SHIPMENTS!I24)=0,"",SHIPMENTS!I24) -> LCL | E18: =IF((SHIPMENTS!G24)=0,"",SHIPMENTS!G24) -> 46323 | F18: =VLOOKUP(A18,load!$A$4:$U$5001,20,0) -> 3.79 | G18: =Manhours!$C$7 -> 9 | H18: =+G18*$H$4 -> 81.9 | I18: =F18/H18 -> 0.046275946 | J18: =+I18*$H$4 -> 0.42111111 | K18: =IFERROR(I18-(I18*O18),0) -> 0 | L18: =IFERROR(J18-(J18*O18),0) -> 0 | M18: =N17 -> 46314.21 | N18: =M18+K18 -> 46314.21 | O18: =VLOOKUP(A18,SHIPMENTS!$A$7:$AP$76,11,0) -> 1 | Q18: =IF($E18=Q$3,"▲","") | R18: =IF($E18=R$3,"▲","") | S18: =IF($E18=S$3,"▲","") | T18: =IF($E18=T$3,"▲","") | U18: =IF($E18=U$3,"▲","") | V18: =IF($E18=V$3,"▲","") | W18: =IF($E18=W$3,"▲","") | X18: =IF($E18=X$3,"▲","") | ... CD18: =IF($E18=CD$3,"▲","")
A19: =SHIPMENTS!A25 -> 9063 | B19: =SHIPMENTS!B25 -> 15900- Borongan City | Kookie Lim Uy / 3K Salon And Spa | C19: =SHIPMENTS!F25 -> 0.12 | D19: =IF((SHIPMENTS!I25)=0,"",SHIPMENTS!I25) | E19: =IF((SHIPMENTS!G25)=0,"",SHIPMENTS!G25) -> 46323 | F19: =VLOOKUP(A19,load!$A$4:$U$5001,20,0) -> 1.502 | G19: =Manhours!$C$7 -> 9 | H19: =+G19*$H$4 -> 81.9 | I19: =F19/H19 -> 0.018339438 | J19: =+I19*$H$4 -> 0.16688889 | K19: =IFERROR(I19-(I19*O19),0) -> 0 | L19: =IFERROR(J19-(J19*O19),0) -> 0 | M19: =N18 -> 46314.21 | N19: =M19+K19 -> 46314.21 | O19: =VLOOKUP(A19,SHIPMENTS!$A$7:$AP$76,11,0) -> 1 | Q19: =IF($E19=Q$3,"▲","") | R19: =IF($E19=R$3,"▲","") | S19: =IF($E19=S$3,"▲","") | T19: =IF($E19=T$3,"▲","") | U19: =IF($E19=U$3,"▲","") | V19: =IF($E19=V$3,"▲","") | W19: =IF($E19=W$3,"▲","") | X19: =IF($E19=X$3,"▲","") | ... CD19: =IF($E19=CD$3,"▲","")
A20: =SHIPMENTS!A26 -> 9131 | B20: =SHIPMENTS!B26 -> 15900- Cagayan De Oro |Kevin Anthony Pilapil Lagumbay | C20: =SHIPMENTS!F26 -> 0.12 | D20: =IF((SHIPMENTS!I26)=0,"",SHIPMENTS!I26) | E20: =IF((SHIPMENTS!G26)=0,"",SHIPMENTS!G26) -> 46323 | F20: =VLOOKUP(A20,load!$A$4:$U$5001,20,0) -> 1.5243333 | G20: =Manhours!$C$7 -> 9 | H20: =+G20*$H$4 -> 81.9 | I20: =F20/H20 -> 0.018612129 | J20: =+I20*$H$4 -> 0.16937037 | K20: =IFERROR(I20-(I20*O20),0) -> 0 | L20: =IFERROR(J20-(J20*O20),0) -> 0 | M20: =N19 -> 46314.21 | N20: =M20+K20 -> 46314.21 | O20: =VLOOKUP(A20,SHIPMENTS!$A$7:$AP$76,11,0) -> 1 | Q20: =IF($E20=Q$3,"▲","") | R20: =IF($E20=R$3,"▲","") | S20: =IF($E20=S$3,"▲","") | T20: =IF($E20=T$3,"▲","") | U20: =IF($E20=U$3,"▲","") | V20: =IF($E20=V$3,"▲","") | W20: =IF($E20=W$3,"▲","") | X20: =IF($E20=X$3,"▲","") | ... CD20: =IF($E20=CD$3,"▲","")
... A53: =SHIPMENTS!A59 -> 6542 | B53: =SHIPMENTS!B59 -> 75100-JORDAN BACKLOG | C53: =SHIPMENTS!F59 -> 0.0296 | D53: =IF((SHIPMENTS!I59)=0,"",SHIPMENTS!I59) | E53: =IF((SHIPMENTS!G59)=0,"",SHIPMENTS!G59) -> TBA | F53: =VLOOKUP(A53,load!$A$4:$U$5001,20,0) -> 0 | G53: =Manhours!$C$7 -> 9 | H53: =+G53*$H$4 -> 81.9 | I53: =F53/H53 -> 0 | J53: =+I53*$H$4 -> 0 | K53: =IFERROR(I53-(I53*O53),0) -> 0 | L53: =IFERROR(J53-(J53*O53),0) -> 0 | M53: =N52 -> 46314.627 | N53: =M53+K53 -> 46314.627 | O53: =VLOOKUP(A53,SHIPMENTS!$A$7:$AP$76,11,0) -> n/a | Q53: =IF($E53=Q$3,"▲","") | R53: =IF($E53=R$3,"▲","") | S53: =IF($E53=S$3,"▲","") | T53: =IF($E53=T$3,"▲","") | U53: =IF($E53=U$3,"▲","") | V53: =IF($E53=V$3,"▲","") | W53: =IF($E53=W$3,"▲","") | X53: =IF($E53=X$3,"▲","") | ... CD53: =IF($E53=CD$3,"▲","")

Sheet PA
Q1: ='T&D'!Q1 -> 0 | R1: ='T&D'!R1 -> 0 | S1: ='T&D'!S1 -> 0 | T1: ='T&D'!T1 -> 0 | U1: ='T&D'!U1 -> 0 | V1: ='T&D'!V1 -> 0 | W1: ='T&D'!W1 -> 0 | X1: ='T&D'!X1 -> 0 | ... CD1: ='T&D'!CD1 -> 0
A2: PRE-ASSY GANTT CHART | K2: =K4-K3 -> 0.22432126 | Q2: ='T&D'!Q2 -> w/O OT | R2: ='T&D'!R2 -> w/O OT | S2: ='T&D'!S2 -> w/O OT | T2: ='T&D'!T2 -> w/O OT | U2: ='T&D'!U2 -> Fri | V2: ='T&D'!V2 -> Sat | W2: ='T&D'!W2 -> w/O OT | X2: ='T&D'!X2 -> w/O OT | ... CD2: ='T&D'!CD2 -> Sat
C3: LEGEND: | D3: ▲ | E3: TARGET | K3: =K41+K43 -> 0.060582143 | N3: SAWO EUROPE | Q3: ='T&D'!Q3 -> 46314 | R3: ='T&D'!R3 -> 46315 | S3: ='T&D'!S3 -> 46316 | T3: ='T&D'!T3 -> 46317 | U3: ='T&D'!U3 -> 46318 | V3: ='T&D'!V3 -> 46319 | W3: ='T&D'!W3 -> 46321 | X3: ='T&D'!X3 -> 46322 | ... CD3: ='T&D'!CD3 -> 46389
E4: REQD DAYS | H4: =45.5/5 -> 9.1 | K4: =SUM(K8:K4652) -> 0.2849034 | M4: ='T&D'!M4 -> 46314 | Q4: ='T&D'!Q4 -> 45817 | R4: ='T&D'!R4 -> 45818 | S4: ='T&D'!S4 -> 45819 | T4: ='T&D'!T4 -> 45820 | U4: ='T&D'!U4 -> 45821 | V4: ='T&D'!V4 -> 45822 | W4: ='T&D'!W4 -> 45824 | X4: ='T&D'!X4 -> 45825 | ... CD4: ='T&D'!CD4 -> 45892
A5: SO # | B5: CUST. CODE-DESTINATION | C5: CBM | D5: TYPE OF CARGO | E5: TARGET DATE | F5: TOTAL PROCESSING HOURS | G5: TOTAL MANPOWER | H5: AVAILABLE MANHOURS | I5: SO REQD DAYS | J5: SO REQD HOURS | K5: REQD DAYS | L5: REQD HOURS | M5: START DATE | N5: END DATE | O5: COMPLETION RATE | P5: PLANNED HRS | Q5: {=_xlfn.IFS(Q2="w/ OT",12.25,Q2="w/o OT",9.5,Q2="FRI",7.5,Q2="SAT",7.5,Q2="SUN",7.5,Q2="OFF",0)} -> 9.5 | R5: {=_xlfn.IFS(R2="w/ OT",12.25,R2="w/o OT",9.5,R2="FRI",7.5,R2="SAT",7.5,R2="SUN",7.5,R2="OFF",0)} -> 9.5 | S5: {=_xlfn.IFS(S2="w/ OT",12.25,S2="w/o OT",9.5,S2="FRI",7.5,S2="SAT",7.5,S2="SUN",7.5,S2="OFF",0)} -> 9.5 | T5: {=_xlfn.IFS(T2="w/ OT",12.25,T2="w/o OT",9.5,T2="FRI",7.5,T2="SAT",7.5,T2="SUN",7.5,T2="OFF",0)} -> 9.5 | U5: {=_xlfn.IFS(U2="w/ OT",12.25,U2="w/o OT",9.5,U2="FRI",7.5,U2="SAT",7.5,U2="SUN",7.5,U2="OFF",0)} -> 7.5 | V5: {=_xlfn.IFS(V2="w/ OT",12.25,V2="w/o OT",9.5,V2="FRI",7.5,V2="SAT",7.5,V2="SUN",7.5,V2="OFF",0)} -> 7.5 | W5: {=_xlfn.IFS(W2="w/ OT",12.25,W2="w/o OT",9.5,W2="FRI",7.5,W2="SAT",7.5,W2="SUN",7.5,W2="OFF",0)} -> 9.5 | X5: {=_xlfn.IFS(X2="w/ OT",12.25,X2="w/o OT",9.5,X2="FRI",7.5,X2="SAT",7.5,X2="SUN",7.5,X2="OFF",0)} -> 9.5 | ... CD5: {=_xlfn.IFS(CD2="w/ OT",12.25,CD2="w/o OT",9.5,CD2="FRI",7.5,CD2="SAT",7.5,CD2="SUN",7.5,CD2="OFF",0)} -> 7.5
P6: ACTUAL HRS
A8: =SHIPMENTS!A14 -> 9296 | B8: =SHIPMENTS!B14 -> 15900- Makati |Techiron Resources Inc. | C8: =SHIPMENTS!F14 -> 0.05 | D8: =IF((SHIPMENTS!I14)=0,"",SHIPMENTS!I14) | E8: =IF((SHIPMENTS!G14)=0,"",SHIPMENTS!G14) -> 46314 | F8: =VLOOKUP(A8,load!$A$4:$Y$5001,24,0) -> 1.1906667 | G8: =Manhours!$C$8 -> 16 | H8: =+G8*$H$4 -> 145.6 | I8: =F8/H8 -> 0.0081776557 | J8: =+I8*$H$4 -> 0.074416667 | K8: =IFERROR(I8-(I8*O8),0) -> 0.0081776557 | L8: =IFERROR(J8-(J8*O8),0) -> 0.074416667 | M8: =IF(F8>0,(MS!M8+2),M4) -> 46316 | N8: =M8+K8 -> 46316.008 | O8: =VLOOKUP(A8,SHIPMENTS!$A$7:$AP$76,11,0) -> 0 | Q8: =IF($E8=Q$3,"▲","") -> ▲ | R8: =IF($E8=R$3,"▲","") | S8: =IF($E8=S$3,"▲","") | T8: =IF($E8=T$3,"▲","") | U8: =IF($E8=U$3,"▲","") | V8: =IF($E8=V$3,"▲","") | W8: =IF($E8=W$3,"▲","") | X8: =IF($E8=X$3,"▲","") | ... CD8: =IF($E8=CD$3,"▲","")
A9: =SHIPMENTS!A15 -> 9309 | B9: =SHIPMENTS!B15 -> 43940-THAILAND | C9: =SHIPMENTS!F15 -> 0.06403 | D9: =IF((SHIPMENTS!I15)=0,"",SHIPMENTS!I15) -> AIR | E9: =IF((SHIPMENTS!G15)=0,"",SHIPMENTS!G15) -> 46314 | F9: =VLOOKUP(A9,load!$A$4:$Y$5001,24,0) -> 0.80966667 | G9: =Manhours!$C$8 -> 16 | H9: =+G9*$H$4 -> 145.6 | I9: =F9/H9 -> 0.0055608974 | J9: =+I9*$H$4 -> 0.050604167 | K9: =IFERROR(I9-(I9*O9),0) -> 0.0055608974 | L9: =IFERROR(J9-(J9*O9),0) -> 0.050604167 | M9: =IF(F9>0,(MS!M9+2),N8) -> 46316.006 | N9: =M9+K9 -> 46316.012 | O9: =VLOOKUP(A9,SHIPMENTS!$A$7:$AP$76,11,0) -> 0 | Q9: =IF($E9=Q$3,"▲","") -> ▲ | R9: =IF($E9=R$3,"▲","") | S9: =IF($E9=S$3,"▲","") | T9: =IF($E9=T$3,"▲","") | U9: =IF($E9=U$3,"▲","") | V9: =IF($E9=V$3,"▲","") | W9: =IF($E9=W$3,"▲","") | X9: =IF($E9=X$3,"▲","") | ... CD9: =IF($E9=CD$3,"▲","")
A10: =SHIPMENTS!A16 -> 9117 | B10: =SHIPMENTS!B16 -> 41700-CANADA BSAUNAS | C10: =SHIPMENTS!F16 -> 83.268 | D10: =IF((SHIPMENTS!I16)=0,"",SHIPMENTS!I16) -> 1X40HC | E10: =IF((SHIPMENTS!G16)=0,"",SHIPMENTS!G16) -> 46315 | F10: =VLOOKUP(A10,load!$A$4:$Y$5001,24,0) -> 18.22 | G10: =Manhours!$C$8 -> 16 | H10: =+G10*$H$4 -> 145.6 | I10: =F10/H10 -> 0.12513736 | J10: =+I10*$H$4 -> 1.13875 | K10: =IFERROR(I10-(I10*O10),0) -> 0 | L10: =IFERROR(J10-(J10*O10),0) -> 0 | M10: =IF(F10>0,(MS!M10+2),N9) -> 46316.02 | N10: =M10+K10 -> 46316.02 | O10: =VLOOKUP(A10,SHIPMENTS!$A$7:$AP$76,11,0) -> n/a | Q10: =IF($E10=Q$3,"▲","") | R10: =IF($E10=R$3,"▲","") -> ▲ | S10: =IF($E10=S$3,"▲","") | T10: =IF($E10=T$3,"▲","") | U10: =IF($E10=U$3,"▲","") | V10: =IF($E10=V$3,"▲","") | W10: =IF($E10=W$3,"▲","") | X10: =IF($E10=X$3,"▲","") | ... CD10: =IF($E10=CD$3,"▲","")
A11: =SHIPMENTS!A17 -> 8641 | B11: =SHIPMENTS!B17 -> 41700-CANADA BSAUNAS BACKLOG | C11: =SHIPMENTS!F17 -> 0 | D11: =IF((SHIPMENTS!I17)=0,"",SHIPMENTS!I17) | E11: =IF((SHIPMENTS!G17)=0,"",SHIPMENTS!G17) -> 46315 | F11: =VLOOKUP(A11,load!$A$4:$Y$5001,24,0) -> 22.913333 | G11: =Manhours!$C$8 -> 16 | H11: =+G11*$H$4 -> 145.6 | I11: =F11/H11 -> 0.15737179 | J11: =+I11*$H$4 -> 1.4320833 | K11: =IFERROR(I11-(I11*O11),0) -> 0 | L11: =IFERROR(J11-(J11*O11),0) -> 0 | M11: =IF(F11>0,(MS!M11+2),N10) -> 46316.02 | N11: =M11+K11 -> 46316.02 | O11: =VLOOKUP(A11,SHIPMENTS!$A$7:$AP$76,11,0) -> n/a | Q11: =IF($E11=Q$3,"▲","") | R11: =IF($E11=R$3,"▲","") -> ▲ | S11: =IF($E11=S$3,"▲","") | T11: =IF($E11=T$3,"▲","") | U11: =IF($E11=U$3,"▲","") | V11: =IF($E11=V$3,"▲","") | W11: =IF($E11=W$3,"▲","") | X11: =IF($E11=X$3,"▲","") | ... CD11: =IF($E11=CD$3,"▲","")
A12: =SHIPMENTS!A18 -> 8102 | B12: =SHIPMENTS!B18 -> 41700-CANADA BSAUNAS BACKLOG | C12: =SHIPMENTS!F18 -> 0 | D12: =IF((SHIPMENTS!I18)=0,"",SHIPMENTS!I18) | E12: =IF((SHIPMENTS!G18)=0,"",SHIPMENTS!G18) -> 46315 | F12: =VLOOKUP(A12,load!$A$4:$Y$5001,24,0) -> 0 | G12: =Manhours!$C$8 -> 16 | H12: =+G12*$H$4 -> 145.6 | I12: =F12/H12 -> 0 | J12: =+I12*$H$4 -> 0 | K12: =IFERROR(I12-(I12*O12),0) -> 0 | L12: =IFERROR(J12-(J12*O12),0) -> 0 | M12: =IF(F12>0,(MS!M12+2),N11) -> 46316.02 | N12: =M12+K12 -> 46316.02 | O12: =VLOOKUP(A12,SHIPMENTS!$A$7:$AP$76,11,0) -> n/a | Q12: =IF($E12=Q$3,"▲","") | R12: =IF($E12=R$3,"▲","") -> ▲ | S12: =IF($E12=S$3,"▲","") | T12: =IF($E12=T$3,"▲","") | U12: =IF($E12=U$3,"▲","") | V12: =IF($E12=V$3,"▲","") | W12: =IF($E12=W$3,"▲","") | X12: =IF($E12=X$3,"▲","") | ... CD12: =IF($E12=CD$3,"▲","")
A13: =SHIPMENTS!A19 -> 5928 | B13: =SHIPMENTS!B19 -> 41700-CANADA BSAUNAS BACKLOG | C13: =SHIPMENTS!F19 -> 0 | D13: =IF((SHIPMENTS!I19)=0,"",SHIPMENTS!I19) | E13: =IF((SHIPMENTS!G19)=0,"",SHIPMENTS!G19) | F13: =VLOOKUP(A13,load!$A$4:$Y$5001,24,0) -> 4.555 | G13: =Manhours!$C$8 -> 16 | H13: =+G13*$H$4 -> 145.6 | I13: =F13/H13 -> 0.031284341 | J13: =+I13*$H$4 -> 0.2846875 | K13: =IFERROR(I13-(I13*O13),0) -> 0 | L13: =IFERROR(J13-(J13*O13),0) -> 0 | M13: =IF(F13>0,(MS!M13+2),N12) -> 46316.02 | N13: =M13+K13 -> 46316.02 | O13: =VLOOKUP(A13,SHIPMENTS!$A$7:$AP$76,11,0) -> n/a | Q13: =IF($E13=Q$3,"▲","") | R13: =IF($E13=R$3,"▲","") | S13: =IF($E13=S$3,"▲","") | T13: =IF($E13=T$3,"▲","") | U13: =IF($E13=U$3,"▲","") | V13: =IF($E13=V$3,"▲","") | W13: =IF($E13=W$3,"▲","") | X13: =IF($E13=X$3,"▲","") | ... CD13: =IF($E13=CD$3,"▲","")
A14: =SHIPMENTS!A20 -> 4781 | B14: =SHIPMENTS!B20 -> 41700-CANADA BSAUNAS BACKLOG | C14: =SHIPMENTS!F20 -> 0 | D14: =IF((SHIPMENTS!I20)=0,"",SHIPMENTS!I20) | E14: =IF((SHIPMENTS!G20)=0,"",SHIPMENTS!G20) | F14: =VLOOKUP(A14,load!$A$4:$Y$5001,24,0) -> 0 | G14: =Manhours!$C$8 -> 16 | H14: =+G14*$H$4 -> 145.6 | I14: =F14/H14 -> 0 | J14: =+I14*$H$4 -> 0 | K14: =IFERROR(I14-(I14*O14),0) -> 0 | L14: =IFERROR(J14-(J14*O14),0) -> 0 | M14: =IF(F14>0,(MS!M14+2),N13) -> 46316.02 | N14: =M14+K14 -> 46316.02 | O14: =VLOOKUP(A14,SHIPMENTS!$A$7:$AP$76,11,0) -> n/a | Q14: =IF($E14=Q$3,"▲","") | R14: =IF($E14=R$3,"▲","") | S14: =IF($E14=S$3,"▲","") | T14: =IF($E14=T$3,"▲","") | U14: =IF($E14=U$3,"▲","") | V14: =IF($E14=V$3,"▲","") | W14: =IF($E14=W$3,"▲","") | X14: =IF($E14=X$3,"▲","") | ... CD14: =IF($E14=CD$3,"▲","")
A15: =SHIPMENTS!A21 -> 9259 | B15: =SHIPMENTS!B21 -> 27200-UAE | C15: =SHIPMENTS!F21 -> 0.07 | D15: =IF((SHIPMENTS!I21)=0,"",SHIPMENTS!I21) -> AIR | E15: =IF((SHIPMENTS!G21)=0,"",SHIPMENTS!G21) -> 46316 | F15: =VLOOKUP(A15,load!$A$4:$Y$5001,24,0) -> 0 | G15: =Manhours!$C$8 -> 16 | H15: =+G15*$H$4 -> 145.6 | I15: =F15/H15 -> 0 | J15: =+I15*$H$4 -> 0 | K15: =IFERROR(I15-(I15*O15),0) -> 0 | L15: =IFERROR(J15-(J15*O15),0) -> 0 | M15: =IF(F15>0,(MS!M15+2),N14) -> 46316.02 | N15: =M15+K15 -> 46316.02 | O15: =VLOOKUP(A15,SHIPMENTS!$A$7:$AP$76,11,0) -> 0 | Q15: =IF($E15=Q$3,"▲","") | R15: =IF($E15=R$3,"▲","") | S15: =IF($E15=S$3,"▲","") -> ▲ | T15: =IF($E15=T$3,"▲","") | U15: =IF($E15=U$3,"▲","") | V15: =IF($E15=V$3,"▲","") | W15: =IF($E15=W$3,"▲","") | X15: =IF($E15=X$3,"▲","") | ... CD15: =IF($E15=CD$3,"▲","")
A16: =SHIPMENTS!A22 -> 8765 | B16: =SHIPMENTS!B22 -> 8200-AUSTRALIA | C16: =SHIPMENTS!F22 -> 64.93 | D16: =IF((SHIPMENTS!I22)=0,"",SHIPMENTS!I22) -> 1X40HC | E16: =IF((SHIPMENTS!G22)=0,"",SHIPMENTS!G22) -> 46316 | F16: =VLOOKUP(A16,load!$A$4:$Y$5001,24,0) -> 123.94683 | G16: =Manhours!$C$8 -> 16 | H16: =+G16*$H$4 -> 145.6 | I16: =F16/H16 -> 0.8512832 | J16: =+I16*$H$4 -> 7.7466771 | K16: =IFERROR(I16-(I16*O16),0) -> 0.11066682 | L16: =IFERROR(J16-(J16*O16),0) -> 1.007068 | M16: =IF(F16>0,(MS!M16+2),N15) -> 46316.02 | N16: =M16+K16 -> 46316.13 | O16: =VLOOKUP(A16,SHIPMENTS!$A$7:$AP$76,11,0) -> 0.87 | Q16: =IF($E16=Q$3,"▲","") | R16: =IF($E16=R$3,"▲","") | S16: =IF($E16=S$3,"▲","") -> ▲ | T16: =IF($E16=T$3,"▲","") | U16: =IF($E16=U$3,"▲","") | V16: =IF($E16=V$3,"▲","") | W16: =IF($E16=W$3,"▲","") | X16: =IF($E16=X$3,"▲","") | ... CD16: =IF($E16=CD$3,"▲","")
A17: =SHIPMENTS!A23 -> 7919 | B17: =SHIPMENTS!B23 -> 8200-AUSTRALIA | C17: =SHIPMENTS!F23 -> 0 | D17: =IF((SHIPMENTS!I23)=0,"",SHIPMENTS!I23) | E17: =IF((SHIPMENTS!G23)=0,"",SHIPMENTS!G23) | F17: =VLOOKUP(A17,load!$A$4:$Y$5001,24,0) -> 0 | G17: =Manhours!$C$8 -> 16 | H17: =+G17*$H$4 -> 145.6 | I17: =F17/H17 -> 0 | J17: =+I17*$H$4 -> 0 | K17: =IFERROR(I17-(I17*O17),0) -> 0 | L17: =IFERROR(J17-(J17*O17),0) -> 0 | M17: =IF(F17>0,(MS!M17+2),N16) -> 46316.13 | N17: =M17+K17 -> 46316.13 | O17: =VLOOKUP(A17,SHIPMENTS!$A$7:$AP$76,11,0) -> 1 | Q17: =IF($E17=Q$3,"▲","") | R17: =IF($E17=R$3,"▲","") | S17: =IF($E17=S$3,"▲","") | T17: =IF($E17=T$3,"▲","") | U17: =IF($E17=U$3,"▲","") | V17: =IF($E17=V$3,"▲","") | W17: =IF($E17=W$3,"▲","") | X17: =IF($E17=X$3,"▲","") | ... CD17: =IF($E17=CD$3,"▲","")
A18: =SHIPMENTS!A24 -> 9015 | B18: =SHIPMENTS!B24 -> 15900- Mandaue City | Atty. Brando Raya | C18: =SHIPMENTS!F24 -> 0.256 | D18: =IF((SHIPMENTS!I24)=0,"",SHIPMENTS!I24) -> LCL | E18: =IF((SHIPMENTS!G24)=0,"",SHIPMENTS!G24) -> 46323 | F18: =VLOOKUP(A18,load!$A$4:$Y$5001,24,0) -> 9.8008333 | G18: =Manhours!$C$8 -> 16 | H18: =+G18*$H$4 -> 145.6 | I18: =F18/H18 -> 0.067313416 | J18: =+I18*$H$4 -> 0.61255208 | K18: =IFERROR(I18-(I18*O18),0) -> 0 | L18: =IFERROR(J18-(J18*O18),0) -> 0 | M18: =IF(F18>0,(MS!M18+2),N17) -> 46316.21 | N18: =M18+K18 -> 46316.21 | O18: =VLOOKUP(A18,SHIPMENTS!$A$7:$AP$76,11,0) -> 1 | Q18: =IF($E18=Q$3,"▲","") | R18: =IF($E18=R$3,"▲","") | S18: =IF($E18=S$3,"▲","") | T18: =IF($E18=T$3,"▲","") | U18: =IF($E18=U$3,"▲","") | V18: =IF($E18=V$3,"▲","") | W18: =IF($E18=W$3,"▲","") | X18: =IF($E18=X$3,"▲","") | ... CD18: =IF($E18=CD$3,"▲","")
A19: =SHIPMENTS!A25 -> 9063 | B19: =SHIPMENTS!B25 -> 15900- Borongan City | Kookie Lim Uy / 3K Salon And Spa | C19: =SHIPMENTS!F25 -> 0.12 | D19: =IF((SHIPMENTS!I25)=0,"",SHIPMENTS!I25) | E19: =IF((SHIPMENTS!G25)=0,"",SHIPMENTS!G25) -> 46323 | F19: =VLOOKUP(A19,load!$A$4:$Y$5001,24,0) -> 0.70633333 | G19: =Manhours!$C$8 -> 16 | H19: =+G19*$H$4 -> 145.6 | I19: =F19/H19 -> 0.0048511905 | J19: =+I19*$H$4 -> 0.044145833 | K19: =IFERROR(I19-(I19*O19),0) -> 0 | L19: =IFERROR(J19-(J19*O19),0) -> 0 | M19: =IF(F19>0,(MS!M19+2),N18) -> 46316.21 | N19: =M19+K19 -> 46316.21 | O19: =VLOOKUP(A19,SHIPMENTS!$A$7:$AP$76,11,0) -> 1 | Q19: =IF($E19=Q$3,"▲","") | R19: =IF($E19=R$3,"▲","") | S19: =IF($E19=S$3,"▲","") | T19: =IF($E19=T$3,"▲","") | U19: =IF($E19=U$3,"▲","") | V19: =IF($E19=V$3,"▲","") | W19: =IF($E19=W$3,"▲","") | X19: =IF($E19=X$3,"▲","") | ... CD19: =IF($E19=CD$3,"▲","")
A20: =SHIPMENTS!A26 -> 9131 | B20: =SHIPMENTS!B26 -> 15900- Cagayan De Oro |Kevin Anthony Pilapil Lagumbay | C20: =SHIPMENTS!F26 -> 0.12 | D20: =IF((SHIPMENTS!I26)=0,"",SHIPMENTS!I26) | E20: =IF((SHIPMENTS!G26)=0,"",SHIPMENTS!G26) -> 46323 | F20: =VLOOKUP(A20,load!$A$4:$Y$5001,24,0) -> 0.791 | G20: =Manhours!$C$8 -> 16 | H20: =+G20*$H$4 -> 145.6 | I20: =F20/H20 -> 0.0054326923 | J20: =+I20*$H$4 -> 0.0494375 | K20: =IFERROR(I20-(I20*O20),0) -> 0 | L20: =IFERROR(J20-(J20*O20),0) -> 0 | M20: =IF(F20>0,(MS!M20+2),N19) -> 46316.21 | N20: =M20+K20 -> 46316.21 | O20: =VLOOKUP(A20,SHIPMENTS!$A$7:$AP$76,11,0) -> 1 | Q20: =IF($E20=Q$3,"▲","") | R20: =IF($E20=R$3,"▲","") | S20: =IF($E20=S$3,"▲","") | T20: =IF($E20=T$3,"▲","") | U20: =IF($E20=U$3,"▲","") | V20: =IF($E20=V$3,"▲","") | W20: =IF($E20=W$3,"▲","") | X20: =IF($E20=X$3,"▲","") | ... CD20: =IF($E20=CD$3,"▲","")
... A46: =SHIPMENTS!A52 -> 9153 | B46: =SHIPMENTS!B52 -> 9600-NEW ZEALAND | C46: =SHIPMENTS!F52 -> 0 | D46: =IF((SHIPMENTS!I52)=0,"",SHIPMENTS!I52) | E46: =IF((SHIPMENTS!G52)=0,"",SHIPMENTS!G52) -> TBA | F46: =VLOOKUP(A46,load!$A$4:$Y$5001,24,0) -> 0.062333333 | G46: =Manhours!$C$8 -> 16 | H46: =+G46*$H$4 -> 145.6 | I46: =F46/H46 -> 0.00042811355 | J46: =+I46*$H$4 -> 0.0038958333 | K46: =IFERROR(I46-(I46*O46),0) -> 0.00042811355 | L46: =IFERROR(J46-(J46*O46),0) -> 0.0038958333 | M46: =IF(F46>0,(MS!M46+2),N45) -> 46316.623 | N46: =M46+K46 -> 46316.623 | O46: =VLOOKUP(A46,SHIPMENTS!$A$7:$AP$76,11,0) -> 0 | Q46: =IF($E46=Q$3,"▲","") | R46: =IF($E46=R$3,"▲","") | S46: =IF($E46=S$3,"▲","") | T46: =IF($E46=T$3,"▲","") | U46: =IF($E46=U$3,"▲","") | V46: =IF($E46=V$3,"▲","") | W46: =IF($E46=W$3,"▲","") | X46: =IF($E46=X$3,"▲","") | ... CD46: =IF($E46=CD$3,"▲","")
A47: =SHIPMENTS!A53 -> 8294 | B47: =SHIPMENTS!B53 -> 9600-NEW ZEALAND BACKLOG | C47: =SHIPMENTS!F53 -> 0 | D47: =IF((SHIPMENTS!I53)=0,"",SHIPMENTS!I53) | E47: =IF((SHIPMENTS!G53)=0,"",SHIPMENTS!G53) -> TBA | F47: =VLOOKUP(A47,load!$A$4:$Y$5001,24,0) -> 0 | G47: =Manhours!$C$8 -> 16 | H47: =+G47*$H$4 -> 145.6 | I47: =F47/H47 -> 0 | J47: =+I47*$H$4 -> 0 | K47: =IFERROR(I47-(I47*O47),0) -> 0 | L47: =IFERROR(J47-(J47*O47),0) -> 0 | M47: =IF(F47>0,(MS!M47+2),N46) -> 46316.623 | N47: =N73+N76 -> 0 | O47: =VLOOKUP(A47,SHIPMENTS!$A$7:$AP$76,11,0) -> n/a | Q47: =IF($E47=Q$3,"▲","") | R47: =IF($E47=R$3,"▲","") | S47: =IF($E47=S$3,"▲","") | T47: =IF($E47=T$3,"▲","") | U47: =IF($E47=U$3,"▲","") | V47: =IF($E47=V$3,"▲","") | W47: =IF($E47=W$3,"▲","") | X47: =IF($E47=X$3,"▲","") | ... CD47: =IF($E47=CD$3,"▲","")
A48: =SHIPMENTS!A54 -> 7114 | B48: =SHIPMENTS!B54 -> 9600-NEW ZEALAND BACKLOG | C48: =SHIPMENTS!F54 -> 0 | D48: =IF((SHIPMENTS!I54)=0,"",SHIPMENTS!I54) | E48: =IF((SHIPMENTS!G54)=0,"",SHIPMENTS!G54) | F48: =VLOOKUP(A48,load!$A$4:$Y$5001,24,0) -> 0 | G48: =Manhours!$C$8 -> 16 | H48: =+G48*$H$4 -> 145.6 | I48: =F48/H48 -> 0 | J48: =+I48*$H$4 -> 0 | K48: =IFERROR(I48-(I48*O48),0) -> 0 | L48: =IFERROR(J48-(J48*O48),0) -> 0 | M48: =IF(F48>0,(MS!M48+2),N47) -> 0 | N48: =M48+K48 -> 0 | O48: =VLOOKUP(A48,SHIPMENTS!$A$7:$AP$76,11,0) -> n/a | Q48: =IF($E48=Q$3,"▲","") | R48: =IF($E48=R$3,"▲","") | S48: =IF($E48=S$3,"▲","") | T48: =IF($E48=T$3,"▲","") | U48: =IF($E48=U$3,"▲","") | V48: =IF($E48=V$3,"▲","") | W48: =IF($E48=W$3,"▲","") | X48: =IF($E48=X$3,"▲","") | ... CD48: =IF($E48=CD$3,"▲","")
A49: =SHIPMENTS!A55 -> 6967 | B49: =SHIPMENTS!B55 -> 9600-NEW ZEALAND BACKLOG | C49: =SHIPMENTS!F55 -> 0 | D49: =IF((SHIPMENTS!I55)=0,"",SHIPMENTS!I55) | E49: =IF((SHIPMENTS!G55)=0,"",SHIPMENTS!G55) | F49: =VLOOKUP(A49,load!$A$4:$Y$5001,24,0) -> 0 | G49: =Manhours!$C$8 -> 16 | H49: =+G49*$H$4 -> 145.6 | I49: =F49/H49 -> 0 | J49: =+I49*$H$4 -> 0 | K49: =IFERROR(I49-(I49*O49),0) -> 0 | L49: =IFERROR(J49-(J49*O49),0) -> 0 | M49: =IF(F49>0,(MS!M49+2),N48) -> 0 | N49: =M49+K49 -> 0 | O49: =VLOOKUP(A49,SHIPMENTS!$A$7:$AP$76,11,0) -> n/a | Q49: =IF($E49=Q$3,"▲","") | R49: =IF($E49=R$3,"▲","") | S49: =IF($E49=S$3,"▲","") | T49: =IF($E49=T$3,"▲","") | U49: =IF($E49=U$3,"▲","") | V49: =IF($E49=V$3,"▲","") | W49: =IF($E49=W$3,"▲","") | X49: =IF($E49=X$3,"▲","") | ... CD49: =IF($E49=CD$3,"▲","")
A50: =SHIPMENTS!A56 -> 6646 | B50: =SHIPMENTS!B56 -> 9600-NEW ZEALAND BACKLOG | C50: =SHIPMENTS!F56 -> 0 | D50: =IF((SHIPMENTS!I56)=0,"",SHIPMENTS!I56) | E50: =IF((SHIPMENTS!G56)=0,"",SHIPMENTS!G56) | F50: =VLOOKUP(A50,load!$A$4:$Y$5001,24,0) -> 0 | G50: =Manhours!$C$8 -> 16 | H50: =+G50*$H$4 -> 145.6 | I50: =F50/H50 -> 0 | J50: =+I50*$H$4 -> 0 | K50: =IFERROR(I50-(I50*O50),0) -> 0 | L50: =IFERROR(J50-(J50*O50),0) -> 0 | M50: =IF(F50>0,(MS!M50+2),N49) -> 0 | N50: =M50+K50 -> 0 | O50: =VLOOKUP(A50,SHIPMENTS!$A$7:$AP$76,11,0) -> n/a | Q50: =IF($E50=Q$3,"▲","") | R50: =IF($E50=R$3,"▲","") | S50: =IF($E50=S$3,"▲","") | T50: =IF($E50=T$3,"▲","") | U50: =IF($E50=U$3,"▲","") | V50: =IF($E50=V$3,"▲","") | W50: =IF($E50=W$3,"▲","") | X50: =IF($E50=X$3,"▲","") | ... CD50: =IF($E50=CD$3,"▲","")
A51: =SHIPMENTS!A57 -> 9122 | B51: =SHIPMENTS!B57 -> 19300-USA SUPERIOR SAUNA | C51: =SHIPMENTS!F57 -> 69.54 | D51: =IF((SHIPMENTS!I57)=0,"",SHIPMENTS!I57) -> 1x40HC | E51: =IF((SHIPMENTS!G57)=0,"",SHIPMENTS!G57) -> TBA | F51: =VLOOKUP(A51,load!$A$4:$Y$5001,24,0) -> 86.117667 | G51: =Manhours!$C$8 -> 16 | H51: =+G51*$H$4 -> 145.6 | I51: =F51/H51 -> 0.59146749 | J51: =+I51*$H$4 -> 5.3823542 | K51: =IFERROR(I51-(I51*O51),0) -> 0 | L51: =IFERROR(J51-(J51*O51),0) -> 0 | M51: =IF(F51>0,(MS!M51+2),N50) -> 46316.627 | N51: =M51+K51 -> 46316.627 | O51: =VLOOKUP(A51,SHIPMENTS!$A$7:$AP$76,11,0) -> n/a | Q51: =IF($E51=Q$3,"▲","") | R51: =IF($E51=R$3,"▲","") | S51: =IF($E51=S$3,"▲","") | T51: =IF($E51=T$3,"▲","") | U51: =IF($E51=U$3,"▲","") | V51: =IF($E51=V$3,"▲","") | W51: =IF($E51=W$3,"▲","") | X51: =IF($E51=X$3,"▲","") | ... CD51: =IF($E51=CD$3,"▲","")
A52: =SHIPMENTS!A58 -> 9197 | B52: =SHIPMENTS!B58 -> 19300-USA SUPERIOR SAUNA | C52: =SHIPMENTS!F58 -> 0 | D52: =IF((SHIPMENTS!I58)=0,"",SHIPMENTS!I58) | E52: =IF((SHIPMENTS!G58)=0,"",SHIPMENTS!G58) -> TBA | F52: =VLOOKUP(A52,load!$A$4:$Y$5001,24,0) -> 3.644 | G52: =Manhours!$C$8 -> 16 | H52: =+G52*$H$4 -> 145.6 | I52: =F52/H52 -> 0.025027473 | J52: =+I52*$H$4 -> 0.22775 | K52: =IFERROR(I52-(I52*O52),0) -> 0 | L52: =IFERROR(J52-(J52*O52),0) -> 0 | M52: =IF(F52>0,(MS!M52+2),N51) -> 46316.627 | N52: =M52+K52 -> 46316.627 | O52: =VLOOKUP(A52,SHIPMENTS!$A$7:$AP$76,11,0) -> n/a | Q52: =IF($E52=Q$3,"▲","") | R52: =IF($E52=R$3,"▲","") | S52: =IF($E52=S$3,"▲","") | T52: =IF($E52=T$3,"▲","") | U52: =IF($E52=U$3,"▲","") | V52: =IF($E52=V$3,"▲","") | W52: =IF($E52=W$3,"▲","") | X52: =IF($E52=X$3,"▲","") | ... CD52: =IF($E52=CD$3,"▲","")
A53: =SHIPMENTS!A59 -> 6542 | B53: =SHIPMENTS!B59 -> 75100-JORDAN BACKLOG | C53: =SHIPMENTS!F59 -> 0.0296 | D53: =IF((SHIPMENTS!I59)=0,"",SHIPMENTS!I59) | E53: =IF((SHIPMENTS!G59)=0,"",SHIPMENTS!G59) -> TBA | F53: =VLOOKUP(A53,load!$A$4:$Y$5001,24,0) -> 0 | G53: =Manhours!$C$8 -> 16 | H53: =+G53*$H$4 -> 145.6 | I53: =F53/H53 -> 0 | J53: =+I53*$H$4 -> 0 | K53: =IFERROR(I53-(I53*O53),0) -> 0 | L53: =IFERROR(J53-(J53*O53),0) -> 0 | M53: =IF(F53>0,(MS!M53+2),N52) -> 46316.627 | N53: =M53+K53 -> 46316.627 | O53: =VLOOKUP(A53,SHIPMENTS!$A$7:$AP$76,11,0) -> n/a | Q53: =IF($E53=Q$3,"▲","") | R53: =IF($E53=R$3,"▲","") | S53: =IF($E53=S$3,"▲","") | T53: =IF($E53=T$3,"▲","") | U53: =IF($E53=U$3,"▲","") | V53: =IF($E53=V$3,"▲","") | W53: =IF($E53=W$3,"▲","") | X53: =IF($E53=X$3,"▲","") | ... CD53: =IF($E53=CD$3,"▲","")

Sheet CUA
R1: ='T&D'!Q1 -> 0 | S1: ='T&D'!R1 -> 0 | T1: ='T&D'!S1 -> 0 | U1: ='T&D'!T1 -> 0 | V1: ='T&D'!U1 -> 0 | W1: ='T&D'!V1 -> 0 | X1: ='T&D'!W1 -> 0 | Y1: ='T&D'!X1 -> 0 | ... CE1: ='T&D'!CD1 -> 0
A2: CONTROL UNIT ASSEMBLY GANTT CHART | F2: =F4-F3 -> 71 | L2: =L4-L3 -> 2.1252598 | R2: ='T&D'!Q2 -> w/O OT | S2: ='T&D'!R2 -> w/O OT | T2: ='T&D'!S2 -> w/O OT | U2: ='T&D'!T2 -> w/O OT | V2: ='T&D'!U2 -> Fri | W2: ='T&D'!V2 -> Sat | X2: ='T&D'!W2 -> w/O OT | Y2: ='T&D'!X2 -> w/O OT | ... CE2: ='T&D'!CD2 -> Sat
C3: LEGEND: | D3: ▲ | E3: TARGET | F3: =F41+F43 -> 683 | L3: =L41+L43 -> 5.9779366 | O3: SAWO EUROPE | R3: ='T&D'!Q3 -> 46314 | S3: ='T&D'!R3 -> 46315 | T3: ='T&D'!S3 -> 46316 | U3: ='T&D'!T3 -> 46317 | V3: ='T&D'!U3 -> 46318 | W3: ='T&D'!V3 -> 46319 | X3: ='T&D'!W3 -> 46321 | Y3: ='T&D'!X3 -> 46322 | ... CE3: ='T&D'!CD3 -> 46389
E4: REQD DAYS | F4: =SUM(F8:F4660) -> 754 | I4: =45.5/5 -> 9.1 | L4: =SUM(L8:L4660) -> 8.1031964 | N4: ='T&D'!M4 -> 46314 | R4: ='T&D'!Q4 -> 45817 | S4: ='T&D'!R4 -> 45818 | T4: ='T&D'!S4 -> 45819 | U4: ='T&D'!T4 -> 45820 | V4: ='T&D'!U4 -> 45821 | W4: ='T&D'!V4 -> 45822 | X4: ='T&D'!W4 -> 45824 | Y4: ='T&D'!X4 -> 45825 | ... CE4: ='T&D'!CD4 -> 45892
A5: SO # | B5: CUST. CODE-DESTINATION | C5: CBM | D5: TYPE OF CARGO | E5: TARGET DATE | F5: ORDER QTY | G5: TOTAL PROCESSING HOURS | H5: TOTAL MANPOWER | I5: AVAILABLE MANHOURS | J5: SO REQD DAYS | K5: SO REQD HOURS | L5: REQD DAYS | M5: REQD HOURS | N5: START DATE | O5: END DATE | P5: COMPLETION RATE | Q5: PLANNED HRS | R5: {=_xlfn.IFS(R2="w/ OT",12.25,R2="w/o OT",9.5,R2="FRI",7.5,R2="SAT",7.5,R2="SUN",7.5,R2="OFF",0)} -> 9.5 | S5: {=_xlfn.IFS(S2="w/ OT",12.25,S2="w/o OT",9.5,S2="FRI",7.5,S2="SAT",7.5,S2="SUN",7.5,S2="OFF",0)} -> 9.5 | T5: {=_xlfn.IFS(T2="w/ OT",12.25,T2="w/o OT",9.5,T2="FRI",7.5,T2="SAT",7.5,T2="SUN",7.5,T2="OFF",0)} -> 9.5 | U5: {=_xlfn.IFS(U2="w/ OT",12.25,U2="w/o OT",9.5,U2="FRI",7.5,U2="SAT",7.5,U2="SUN",7.5,U2="OFF",0)} -> 9.5 | V5: {=_xlfn.IFS(V2="w/ OT",12.25,V2="w/o OT",9.5,V2="FRI",7.5,V2="SAT",7.5,V2="SUN",7.5,V2="OFF",0)} -> 7.5 | W5: {=_xlfn.IFS(W2="w/ OT",12.25,W2="w/o OT",9.5,W2="FRI",7.5,W2="SAT",7.5,W2="SUN",7.5,W2="OFF",0)} -> 7.5 | X5: {=_xlfn.IFS(X2="w/ OT",12.25,X2="w/o OT",9.5,X2="FRI",7.5,X2="SAT",7.5,X2="SUN",7.5,X2="OFF",0)} -> 9.5 | Y5: {=_xlfn.IFS(Y2="w/ OT",12.25,Y2="w/o OT",9.5,Y2="FRI",7.5,Y2="SAT",7.5,Y2="SUN",7.5,Y2="OFF",0)} -> 9.5 | ... CE5: {=_xlfn.IFS(CE2="w/ OT",12.25,CE2="w/o OT",9.5,CE2="FRI",7.5,CE2="SAT",7.5,CE2="SUN",7.5,CE2="OFF",0)} -> 7.5
Q6: ACTUAL HRS
A8: =SHIPMENTS!A14 -> 9296 | B8: =SHIPMENTS!B14 -> 15900- Makati |Techiron Resources Inc. | C8: =SHIPMENTS!F14 -> 0.05 | D8: =IF((SHIPMENTS!I14)=0,"",SHIPMENTS!I14) | E8: =IF((SHIPMENTS!G14)=0,"",SHIPMENTS!G14) -> 46314 | F8: =VLOOKUP(A8,Items!$A$5:$J$1000,8,0) -> 0 | G8: =VLOOKUP(A8,load!$A$4:$U$5001,3,0) -> 0 | H8: =Manhours!$C$20 -> 4 | I8: =+H8*$I$4 -> 36.4 | J8: =G8/I8 -> 0 | K8: =+J8*$I$4 -> 0 | L8: =IFERROR(J8-(J8*P8),0) -> 0 | M8: =IFERROR(K8-(K8*P8),0) -> 0 | N8: =N4 -> 46314 | O8: =N8+L8 -> 46314 | P8: =VLOOKUP(A8,SHIPMENTS!$A$7:$AP$76,10,0) -> n/a | R8: =IF($E8=R$3,"▲","") -> ▲ | S8: =IF($E8=S$3,"▲","") | T8: =IF($E8=T$3,"▲","") | U8: =IF($E8=U$3,"▲","") | V8: =IF($E8=V$3,"▲","") | W8: =IF($E8=W$3,"▲","") | X8: =IF($E8=X$3,"▲","") | Y8: =IF($E8=Y$3,"▲","") | ... CE8: =IF($E8=CE$3,"▲","")
A9: =SHIPMENTS!A15 -> 9309 | B9: =SHIPMENTS!B15 -> 43940-THAILAND | C9: =SHIPMENTS!F15 -> 0.06403 | D9: =IF((SHIPMENTS!I15)=0,"",SHIPMENTS!I15) -> AIR | E9: =IF((SHIPMENTS!G15)=0,"",SHIPMENTS!G15) -> 46314 | F9: =VLOOKUP(A9,Items!$A$5:$J$1000,8,0) -> 0 | G9: =VLOOKUP(A9,load!$A$4:$U$5001,3,0) -> 0 | H9: =Manhours!$C$20 -> 4 | I9: =+H9*$I$4 -> 36.4 | J9: =G9/I9 -> 0 | K9: =+J9*$I$4 -> 0 | L9: =IFERROR(J9-(J9*P9),0) -> 0 | M9: =IFERROR(K9-(K9*P9),0) -> 0 | N9: =O8 -> 46314 | O9: =N9+L9 -> 46314 | P9: =VLOOKUP(A9,SHIPMENTS!$A$7:$AP$76,10,0) -> n/a | R9: =IF($E9=R$3,"▲","") -> ▲ | S9: =IF($E9=S$3,"▲","") | T9: =IF($E9=T$3,"▲","") | U9: =IF($E9=U$3,"▲","") | V9: =IF($E9=V$3,"▲","") | W9: =IF($E9=W$3,"▲","") | X9: =IF($E9=X$3,"▲","") | Y9: =IF($E9=Y$3,"▲","") | ... CE9: =IF($E9=CE$3,"▲","")
